-- Database export via SQLPro (https://www.sqlprostudio.com/)
-- Exported by xavier at 17-07-2024 11:02.
-- WARNING: This file may contain descructive statements such as DROPs.
-- Please ensure that you are running the script at the proper location.


-- BEGIN TABLE public.deliveries
DROP TABLE IF EXISTS public.deliveries CASCADE;
BEGIN;

CREATE TABLE IF NOT EXISTS public.deliveries (
    id integer GENERATED BY DEFAULT AS IDENTITY NOT NULL,
    created_at timestamp without time zone DEFAULT now() NOT NULL,
    ingredients jsonb NOT NULL,
    PRIMARY KEY(id)
);

COMMIT;

-- Table public.deliveries contains no data. No inserts have been generated.
-- Inserting 0 rows into public.deliveries


-- END TABLE public.deliveries

-- BEGIN TABLE public.orders
DROP TABLE IF EXISTS public.orders CASCADE;
BEGIN;

CREATE TABLE IF NOT EXISTS public.orders (
    id integer GENERATED BY DEFAULT AS IDENTITY NOT NULL,
    created_at timestamp without time zone DEFAULT now() NOT NULL,
	amount numeric,
    PRIMARY KEY(id)
);

COMMIT;

-- Table public.orders contains no data. No inserts have been generated.
-- Inserting 0 rows into public.orders


-- END TABLE public.orders

-- BEGIN TABLE public.ingredients
DROP TABLE IF EXISTS public.ingredients CASCADE;
BEGIN;

CREATE TABLE IF NOT EXISTS public.ingredients (
    ingredient_id integer GENERATED BY DEFAULT AS IDENTITY NOT NULL,
    name character varying(255) NOT NULL,
    unit character varying(50) NOT NULL,
    cost numeric(10,2) NOT NULL,
    amount numeric,
    PRIMARY KEY(ingredient_id)
);

COMMIT;

-- Inserting 480 rows into public.ingredients
-- Insert batch #1
INSERT INTO public.ingredients (ingredient_id, name, unit, "cost", amount) VALUES
(1, 'Yoghurt', 'deciliter', 3.03, NULL),
(2, 'Arugula', 'deciliter', 3.77, NULL),
(3, 'Gula Melaka', 'deciliter', 0.53, NULL),
(4, 'Mahlab', 'centiliter', 2.99, NULL),
(5, 'Parmesan Cheese', 'milliliter', 2.25, NULL),
(6, 'Barberry', 'centiliter', 2.35, NULL),
(7, 'Juniper Berries', 'centiliter', 3.6, NULL),
(8, 'Lettuce', 'liter', 2.96, NULL),
(9, 'Fingerlime', 'centiliter', 3.51, NULL),
(10, 'Watermelon', 'liter', 0.84, NULL),
(11, 'Dashi', 'centiliter', 0.72, NULL),
(12, 'Rockmelon', 'centiliter', 0.89, NULL),
(13, 'Green Tea Noodles', 'centiliter', 4, NULL),
(14, 'Nashi Pear', 'liter', 2.87, NULL),
(15, 'Eggs', 'deciliter', 1.95, NULL),
(16, 'Corn Oil', 'milliliter', 0.63, NULL),
(17, 'Cranberry', 'milliliter', 1.71, NULL),
(18, 'Farmed Prawns', 'deciliter', 3.52, NULL),
(19, 'Apple Juice Concentrate', 'liter', 2.93, NULL),
(20, 'Pine Nut', 'liter', 3.09, NULL),
(21, 'Chia Seeds', 'deciliter', 3.7, NULL),
(22, 'Kiwi Fruit', 'liter', 0.8, NULL),
(23, 'Turkey', 'liter', 0.05, NULL),
(24, 'Chickpea', 'deciliter', 3.02, NULL),
(25, 'Sesame Seeds', 'deciliter', 0.57, NULL),
(26, 'Cannellini Beans', 'deciliter', 1.94, NULL),
(27, 'Kumera', 'centiliter', 3.79, NULL),
(28, 'Dried Chinese Broccoli', 'milliliter', 0.98, NULL),
(29, 'Tinned', 'centiliter', 3.26, NULL),
(30, 'Kidneys', 'liter', 2.37, NULL),
(31, 'Broccoli', 'liter', 2.11, NULL),
(32, 'Mackerel', 'liter', 0.95, NULL),
(33, 'Borlotti Beans', 'deciliter', 2.32, NULL),
(34, 'Rhubarb', 'deciliter', 0.29, NULL),
(35, 'Spelt', 'deciliter', 3.07, NULL),
(36, 'Sunflower Seeds', 'deciliter', 1.25, NULL),
(37, 'Papaya', 'milliliter', 3.7, NULL),
(38, 'Cocoa Powder', 'deciliter', 2.75, NULL),
(39, 'Haloumi', 'deciliter', 2.65, NULL),
(40, 'Blueberries', 'centiliter', 2.51, NULL),
(41, 'Clams', 'deciliter', 2.06, NULL),
(42, 'Wholegrain Bread', 'milliliter', 1.62, NULL),
(43, 'Arrowroot', 'deciliter', 4, NULL),
(44, 'Tea Oil', 'deciliter', 1.56, NULL),
(45, 'Polenta', 'centiliter', 0.11, NULL),
(46, 'Blackberries', 'milliliter', 3.81, NULL),
(47, 'Kidney Beans', 'milliliter', 3.24, NULL),
(48, 'Cherries', 'liter', 3.25, NULL),
(49, 'Canola Oil', 'liter', 3.63, NULL),
(50, 'Pumpkin Seed', 'liter', 2.51, NULL),
(51, 'Kudzu', 'milliliter', 2.74, NULL),
(52, 'Peaches', 'deciliter', 2.19, NULL),
(53, 'Pork', 'liter', 0.03, NULL),
(54, 'Tomatoes', 'milliliter', 2.79, NULL),
(55, 'Hijiki', 'milliliter', 3.63, NULL),
(56, 'Ham', 'milliliter', 0.17, NULL),
(57, 'Lime Leaves', 'deciliter', 2.91, NULL),
(58, 'Brown Rice', 'milliliter', 1.2, NULL),
(59, 'Rice Paper', 'centiliter', 0.65, NULL),
(60, 'Plums', 'deciliter', 2.9, NULL),
(61, 'Salmon', 'centiliter', 2.55, NULL),
(62, 'Fruit', 'deciliter', 0.62, NULL),
(63, 'Scallops', 'centiliter', 2, NULL),
(64, 'Goat Cheese', 'liter', 1.33, NULL),
(65, 'Berries', 'deciliter', 2.07, NULL),
(66, 'Apples', 'centiliter', 1.06, NULL),
(67, 'Shiitake Mushrooms', 'deciliter', 0.16, NULL),
(68, 'Vanilla Beans', 'centiliter', 3.62, NULL),
(69, 'Safflower Oil', 'liter', 0.34, NULL),
(70, 'Buckwheat Noodles', 'centiliter', 3.99, NULL),
(71, 'Apple Juice', 'milliliter', 0.68, NULL),
(72, 'Honey', 'milliliter', 2.07, NULL),
(73, 'Olive Oil', 'centiliter', 0.93, NULL),
(74, 'Paprik', 'centiliter', 2.87, NULL),
(75, 'Wakame', 'deciliter', 2.07, NULL),
(76, 'Peppermint', 'milliliter', 2.46, NULL),
(77, 'Trout', 'milliliter', 0.36, NULL),
(78, 'Annatto Seed', 'centiliter', 2.8, NULL),
(79, 'Rye', 'liter', 1.28, NULL),
(80, 'Cavalo', 'liter', 0.58, NULL),
(81, 'Besan', 'milliliter', 0.93, NULL),
(82, 'Pears', 'milliliter', 2.17, NULL),
(83, 'Squash', 'centiliter', 3.4, NULL),
(84, 'Star Anise', 'milliliter', 3.46, NULL),
(85, 'Butternut Lettuce', 'milliliter', 3.04, NULL),
(86, 'Fennel Seeds', 'milliliter', 3.23, NULL),
(87, 'Malt Vinegar', 'liter', 0.05, NULL),
(88, 'Brazil Nut', 'centiliter', 3.49, NULL),
(89, 'Soy Beans', 'centiliter', 1.2, NULL),
(90, 'Rye Bread', 'milliliter', 0.04, NULL),
(91, 'Ricotta', 'deciliter', 3.2, NULL),
(92, 'Cassia bark', 'centiliter', 2.61, NULL),
(93, 'Galangal', 'milliliter', 0.17, NULL),
(94, 'Loquats', 'centiliter', 2.8, NULL),
(95, 'Hokkien Noodles', 'centiliter', 1.12, NULL),
(96, 'Brie', 'deciliter', 3, NULL),
(97, 'Cos Lettuce', 'milliliter', 3.84, NULL),
(98, 'Corella Pear', 'milliliter', 2.58, NULL),
(99, 'Pepitas', 'deciliter', 1.93, NULL),
(100, 'Apple Cider Vinegar', 'centiliter', 2.82, NULL),
(101, 'Tom Yum', 'milliliter', 1.25, NULL),
(102, 'Arborio Rice', 'milliliter', 0.67, NULL),
(103, 'Hazelnut', 'liter', 2.71, NULL),
(104, 'Raspberry', 'centiliter', 2.19, NULL),
(105, 'Eggplant', 'centiliter', 1.01, NULL),
(106, 'Onion', 'milliliter', 3.03, NULL),
(107, 'Pinto Beans', 'deciliter', 3.79, NULL),
(108, 'Mastic', 'centiliter', 3.74, NULL),
(109, 'Nutritional Yeast', 'milliliter', 3.33, NULL),
(110, 'Tapioca', 'milliliter', 1.35, NULL),
(111, 'English Spinach', 'centiliter', 3.19, NULL),
(112, 'Pear Juice', 'milliliter', 2.88, NULL),
(113, 'Oranges', 'deciliter', 3.83, NULL),
(114, 'Watercress', 'liter', 1.74, NULL),
(115, 'Mint', 'liter', 3.32, NULL),
(116, 'Kenchur', 'centiliter', 1, NULL),
(117, 'Yogurt', 'liter', 2.03, NULL),
(118, 'Red Wine', 'milliliter', 2.44, NULL),
(119, 'Molasses', 'liter', 2.12, NULL),
(120, 'Omega Spread', 'milliliter', 2.53, NULL),
(121, 'Alfalfa', 'liter', 3.94, NULL),
(122, 'Dark Chocolate', 'liter', 2.6, NULL),
(123, 'Gruyere', 'deciliter', 3.6, NULL),
(124, 'Soy Milk', 'milliliter', 1.24, NULL),
(125, 'Red Cabbage', 'milliliter', 1.72, NULL),
(126, 'Oyster Sauce', 'liter', 2.57, NULL),
(127, 'Bulghur', 'deciliter', 0.33, NULL),
(128, 'Cardamom', 'deciliter', 3.25, NULL),
(129, 'Mullet', 'centiliter', 1.29, NULL),
(130, 'Star Fruit', 'centiliter', 0.78, NULL),
(131, 'Mussels', 'milliliter', 1.62, NULL),
(132, 'Milk Chocolate', 'liter', 0.15, NULL),
(133, 'Squid', 'liter', 2.19, NULL),
(134, 'Cucumber', 'centiliter', 0.11, NULL),
(135, 'Rice Noodles', 'liter', 0.15, NULL),
(136, 'Blue Swimmer Crab', 'milliliter', 2.32, NULL),
(137, 'Pasta', 'centiliter', 1.38, NULL),
(138, 'Currants', 'milliliter', 1.53, NULL),
(139, 'Balsamic Vinegar', 'milliliter', 2.76, NULL),
(140, 'Bamboo Shoots', 'centiliter', 0.66, NULL),
(141, 'Common Cultivated Mushrooms', 'deciliter', 2.51, NULL),
(142, 'Oyster Mushrooms', 'deciliter', 3.63, NULL),
(143, 'Flaxseed Oil', 'centiliter', 0.91, NULL),
(144, 'Taleggio Cheese', 'deciliter', 2.73, NULL),
(145, 'Garlic', 'liter', 0.85, NULL),
(146, 'Cashews', 'centiliter', 3.85, NULL),
(147, 'Shark', 'liter', 2.54, NULL),
(148, 'Red Wine Vinegar', 'deciliter', 2.63, NULL),
(149, 'Fish Stock', 'deciliter', 1.44, NULL),
(150, 'Soy', 'liter', 1.37, NULL),
(151, 'Yellowtail Kingfish', 'centiliter', 2.58, NULL),
(152, 'Cous Cous', 'milliliter', 2.49, NULL),
(153, 'Blue Eye Trevalla', 'centiliter', 1.77, NULL),
(154, 'Camomile', 'milliliter', 3.5, NULL),
(155, 'Vegetable Spaghetti', 'deciliter', 0.86, NULL),
(156, 'Sweet Potato', 'deciliter', 0.26, NULL),
(157, 'Peppers', 'milliliter', 3.84, NULL),
(158, 'Licorice', 'milliliter', 2.33, NULL),
(159, 'Blue Cheese', 'milliliter', 1.26, NULL),
(160, 'Snapper', 'milliliter', 0.85, NULL),
(161, 'Persimmon', 'deciliter', 2.72, NULL),
(162, 'Flour', 'milliliter', 1.59, NULL),
(163, 'Black Eyed Beans', 'liter', 0.15, NULL),
(164, 'Quinoa', 'milliliter', 0.06, NULL),
(165, 'Sprouts', 'deciliter', 3.63, NULL),
(166, 'Guava', 'centiliter', 3.68, NULL),
(167, 'Brown Flour', 'milliliter', 3.4, NULL),
(168, 'Basil Basmati Rice', 'liter', 1.84, NULL),
(169, 'Buckwheat', 'centiliter', 3.04, NULL),
(170, 'Lentils', 'centiliter', 2.39, NULL),
(171, 'Turnips', 'milliliter', 2.24, NULL),
(172, 'Dried Apricots', 'centiliter', 2.18, NULL),
(173, 'Cottage Cheese', 'deciliter', 0.68, NULL),
(174, 'Parsley', 'centiliter', 3.1, NULL),
(175, 'Smoked Trout', 'milliliter', 1.05, NULL),
(176, 'Provolone', 'deciliter', 3.97, NULL),
(177, 'Lychees', 'liter', 3, NULL),
(178, 'Allspice', 'milliliter', 1.17, NULL),
(179, 'Wasabi', 'centiliter', 1.25, NULL),
(180, 'Jicama', 'liter', 3.01, NULL),
(181, 'Brussels Sprouts', 'centiliter', 0.34, NULL),
(182, 'Mung Beans', 'liter', 0.39, NULL),
(183, 'Barley', 'centiliter', 3.25, NULL),
(184, 'Tangelo', 'centiliter', 1.19, NULL),
(185, 'Fromage Blanc', 'deciliter', 2.36, NULL),
(186, 'Mountain Bread', 'deciliter', 3.89, NULL),
(187, 'Thyme', 'centiliter', 3.85, NULL),
(188, 'Wholewheat Flour', 'deciliter', 0.8, NULL),
(189, 'Capers', 'liter', 2.2, NULL),
(190, 'Longan', 'deciliter', 1.82, NULL),
(191, 'Purple Rice', 'liter', 1.22, NULL),
(192, 'Whiting Wild Rice', 'milliliter', 1.36, NULL),
(193, 'Kale', 'milliliter', 3.66, NULL),
(194, 'Sardines', 'deciliter', 2.23, NULL),
(195, 'Feijoa', 'centiliter', 3.67, NULL),
(196, 'Tahini', 'centiliter', 1.12, NULL),
(197, 'Mango', 'centiliter', 1, NULL),
(198, 'Tamari', 'milliliter', 2.66, NULL),
(199, 'Amaranth', 'milliliter', 1.9, NULL),
(200, 'Goat Milk', 'liter', 1.01, NULL),
(201, 'Macadamia Nut', 'deciliter', 3.95, NULL),
(202, 'Slivered Almonds', 'deciliter', 3.43, NULL),
(203, 'Red Pepper', 'milliliter', 1.18, NULL),
(204, 'Oats', 'milliliter', 2.76, NULL),
(205, 'Cloves', 'liter', 1.05, NULL),
(206, 'Coconut Water', 'milliliter', 3.23, NULL),
(207, 'Bran', 'liter', 3.1, NULL),
(208, 'Cayenne', 'milliliter', 0.19, NULL),
(209, 'Almond Oil', 'liter', 0.43, NULL),
(210, 'Okra', 'liter', 2.02, NULL),
(211, 'Oregano', 'deciliter', 3.11, NULL),
(212, 'Maple Syrup', 'liter', 0.84, NULL),
(213, 'Bonito Flakes', 'milliliter', 2.59, NULL),
(214, 'Vegetable Oil', 'deciliter', 0.93, NULL),
(215, 'White Bread', 'milliliter', 0.93, NULL),
(216, 'Aubergine', 'deciliter', 1.44, NULL),
(217, 'Albacore Tuna', 'liter', 0.57, NULL),
(218, 'Chilli Pepper', 'milliliter', 3.58, NULL),
(219, 'Cornmeal', 'centiliter', 0.45, NULL),
(220, 'Soy Flour', 'liter', 0.43, NULL),
(221, 'Carrot', 'centiliter', 2.28, NULL),
(222, 'Cacao', 'deciliter', 0.94, NULL),
(223, 'Amchur', 'liter', 3.02, NULL),
(224, 'Marigold', 'centiliter', 0.7, NULL),
(225, 'Tea', 'deciliter', 0.68, NULL),
(226, 'Cake', 'deciliter', 3.02, NULL),
(227, 'Coffee', 'liter', 1.72, NULL),
(228, 'Rosemary', 'milliliter', 2.12, NULL),
(229, 'Radicchio', 'liter', 0.79, NULL),
(230, 'Kohlrabi', 'centiliter', 0.82, NULL),
(231, 'Melon', 'liter', 1.15, NULL),
(232, 'Mace', 'centiliter', 0.31, NULL),
(233, 'Rice Syrup', 'deciliter', 2.57, NULL),
(234, 'Mahi Mahi', 'milliliter', 0.08, NULL),
(235, 'Chestnut', 'centiliter', 3.49, NULL),
(236, 'Flounder', 'milliliter', 0.26, NULL),
(237, 'Cheddar', 'milliliter', 3.62, NULL),
(238, 'Baking Soda', 'deciliter', 0.77, NULL),
(239, 'Bok Choy', 'liter', 0.02, NULL),
(240, 'Tarragon', 'milliliter', 1.11, NULL),
(241, 'Asian Greens', 'centiliter', 1.87, NULL),
(242, 'Choy Sum', 'deciliter', 3.33, NULL),
(243, 'Limes', 'liter', 2.81, NULL),
(244, 'Tempeh', 'liter', 1.59, NULL),
(245, 'Chickory', 'deciliter', 1.73, NULL),
(246, 'Walnut', 'liter', 1.42, NULL),
(247, 'Purple Carrot', 'centiliter', 2.79, NULL),
(248, 'Parrotfish', 'centiliter', 2.33, NULL),
(249, 'Dates', 'deciliter', 2.37, NULL),
(250, 'Potato Flour', 'milliliter', 1.1, NULL),
(251, 'Elderberry', 'liter', 1.61, NULL),
(252, 'Hummus', 'liter', 3.64, NULL),
(253, 'Kecap Manis', 'centiliter', 1.23, NULL),
(254, 'Dill', 'deciliter', 1.42, NULL),
(255, 'Marjoram', 'liter', 3.42, NULL),
(256, 'Radish', 'deciliter', 2.24, NULL),
(257, 'Pistachio Nut', 'deciliter', 2.93, NULL),
(258, 'Hiramasa Kingfish', 'centiliter', 2.11, NULL),
(259, 'Vermicelli Noodles', 'liter', 3.77, NULL),
(260, 'Saffron', 'deciliter', 2.13, NULL),
(261, 'Green Pepper', 'liter', 2.39, NULL),
(262, 'Tapioca Flour', 'milliliter', 2.48, NULL),
(263, 'Lobster', 'deciliter', 1.45, NULL),
(264, 'Sesame Oil', 'liter', 0.91, NULL),
(265, 'Asparagus', 'milliliter', 1.73, NULL),
(266, 'Vegetable Stock', 'milliliter', 0.8, NULL),
(267, 'Coriander Seed', 'liter', 2.15, NULL),
(268, 'Jewfish', 'centiliter', 0.92, NULL),
(269, 'Fresh Chillies', 'liter', 1.77, NULL),
(270, 'Adzuki Beans', 'centiliter', 1.71, NULL),
(271, 'Curry Leaves', 'milliliter', 0.09, NULL),
(272, 'Bean Shoots', 'deciliter', 3.49, NULL),
(273, 'Feta', 'centiliter', 3.17, NULL),
(274, 'Cauliflower', 'liter', 0.14, NULL),
(275, 'Nectarines', 'deciliter', 3.99, NULL),
(276, 'Celery Seed', 'deciliter', 2.84, NULL),
(277, 'Soymilk', 'centiliter', 0.47, NULL),
(278, 'Bacon', 'deciliter', 0.27, NULL),
(279, 'Chicken Stock', 'centiliter', 0.16, NULL),
(280, 'Honeydew Melon', 'deciliter', 2.57, NULL),
(281, 'Avocado Spread', 'deciliter', 2.89, NULL),
(282, 'Camellia Tea Oil', 'liter', 1.45, NULL),
(283, 'Lemongrass', 'deciliter', 2.58, NULL),
(284, 'Cream Cheese', 'liter', 1.56, NULL),
(285, 'File Powder', 'centiliter', 0.1, NULL),
(286, 'Red Lentils', 'deciliter', 2.16, NULL),
(287, 'Cinnamon', 'liter', 2.54, NULL),
(288, 'Fish Sauce', 'centiliter', 2.78, NULL),
(289, 'Muesli', 'centiliter', 0.79, NULL),
(290, 'Pear', 'milliliter', 1.91, NULL),
(291, 'Kokam', 'liter', 2.15, NULL),
(292, 'Aniseed', 'milliliter', 2.26, NULL),
(293, 'Grape Seed Oil', 'liter', 0.92, NULL),
(294, 'Garam Masala', 'deciliter', 3.24, NULL),
(295, 'Edam', 'liter', 3.39, NULL),
(296, 'Artichoke', 'centiliter', 0.23, NULL),
(297, 'Rice Flour', 'centiliter', 2.78, NULL),
(298, 'Barramundi', 'centiliter', 2.54, NULL),
(299, 'Flat Mushrooms', 'centiliter', 1.95, NULL),
(300, 'Mustard', 'milliliter', 2.75, NULL),
(301, 'Crabs', 'liter', 2.88, NULL),
(302, 'Almonds', 'liter', 1.13, NULL),
(303, 'Brown Mushrooms', 'milliliter', 1.63, NULL),
(304, 'Cumin', 'deciliter', 0.36, NULL),
(305, 'Chives', 'liter', 1.42, NULL),
(306, 'Mustard Seed', 'deciliter', 2.77, NULL),
(307, 'Oat Flour', 'deciliter', 1.4, NULL),
(308, 'Water', 'milliliter', 0.67, NULL),
(309, 'Calamari', 'milliliter', 3.15, NULL),
(310, 'Endive', 'liter', 1.54, NULL),
(311, 'Jarrahdale Pumpkin', 'milliliter', 1.24, NULL),
(312, 'Pineapple', 'centiliter', 0.57, NULL),
(313, 'Monkfish', 'milliliter', 3.6, NULL),
(314, 'Jasmine Rice', 'deciliter', 2.69, NULL),
(315, 'Celery', 'liter', 1.22, NULL),
(316, 'Horseradish', 'milliliter', 2.86, NULL),
(317, 'Leeks', 'deciliter', 1.06, NULL),
(318, 'Enoki Mushrooms', 'milliliter', 1.42, NULL),
(319, 'Edamame', 'milliliter', 2.11, NULL),
(320, 'William Pear', 'liter', 3.91, NULL),
(321, 'Porcini Mushrooms', 'centiliter', 0.54, NULL),
(322, 'Liver', 'centiliter', 3.34, NULL),
(323, 'Dragonfruit', 'deciliter', 2.76, NULL),
(324, 'Chicken', 'liter', 2.29, NULL),
(325, 'Turmeric', 'deciliter', 0.66, NULL),
(326, 'Avocado Oil', 'centiliter', 0.43, NULL),
(327, 'Sultanas', 'centiliter', 3.55, NULL),
(328, 'Rose Water', 'milliliter', 3.67, NULL),
(329, 'Mandarins', 'liter', 1.85, NULL),
(330, 'Spelt Bread', 'milliliter', 3.98, NULL),
(331, 'Unbleached Flour', 'liter', 1.95, NULL),
(332, 'Wheat', 'deciliter', 3.13, NULL),
(333, 'Bay Leaves', 'centiliter', 3.64, NULL),
(334, 'Sun-Dried Tomatoes', 'centiliter', 2.58, NULL),
(335, 'Brown Rice Vinegar', 'milliliter', 1.98, NULL),
(336, 'Figs', 'deciliter', 3.12, NULL),
(337, 'Ajowan Seed', 'liter', 0.06, NULL),
(338, 'Camembert', 'centiliter', 1.91, NULL),
(339, 'Yellow Papaw', 'centiliter', 1.12, NULL),
(340, 'White rice', 'centiliter', 1.44, NULL),
(341, 'Yeast', 'deciliter', 0.5, NULL),
(342, 'Flaxseed', 'milliliter', 2.49, NULL),
(343, 'Greenwheat Freekeh', 'centiliter', 0.7, NULL),
(344, 'Baking Powder', 'deciliter', 1.44, NULL),
(345, 'Blood Oranges', 'milliliter', 3.64, NULL),
(346, 'Pumpkin', 'liter', 1.77, NULL),
(347, 'Passionfruit', 'milliliter', 3.97, NULL),
(348, 'Extra Virgin Olive Oil', 'deciliter', 2.18, NULL),
(349, 'Banana', 'liter', 1.07, NULL),
(350, 'Kombu', 'liter', 0.18, NULL),
(351, 'Kiwi Berries', 'liter', 0.86, NULL),
(352, 'Cantaloupe', 'liter', 2.44, NULL),
(353, 'Butter Beans', 'liter', 1.3, NULL),
(354, 'Jelly', 'liter', 1.65, NULL),
(355, 'Coconut', 'liter', 1.22, NULL),
(356, 'Incaberries', 'deciliter', 0.8, NULL),
(357, 'Snowpeas', 'milliliter', 3.79, NULL),
(358, 'Buckwheat Flour', 'centiliter', 3.05, NULL),
(359, 'Corn Syrup', 'milliliter', 3.75, NULL),
(360, 'Tabasco', 'deciliter', 1.19, NULL),
(361, 'Swiss Chard', 'deciliter', 3.83, NULL),
(362, 'Avocado', 'milliliter', 3.82, NULL),
(363, 'Margarine', 'centiliter', 3.7, NULL),
(364, 'Asian Noodles', 'centiliter', 1.2, NULL),
(365, 'Swordfish', 'deciliter', 0.86, NULL),
(366, 'Bocconcini', 'centiliter', 2.12, NULL),
(367, 'Beef Stock', 'milliliter', 1.3, NULL),
(368, 'Caraway Seed', 'milliliter', 1.68, NULL),
(369, 'Semolina', 'liter', 2.34, NULL),
(370, 'Curry Powder', 'deciliter', 0.11, NULL),
(371, 'Cabbage', 'deciliter', 3.68, NULL),
(372, 'Zucchini', 'deciliter', 2.07, NULL),
(373, 'Duck', 'deciliter', 0.83, NULL),
(374, 'Vinegar', 'milliliter', 3.31, NULL),
(375, 'Wattleseed', 'milliliter', 2.04, NULL),
(376, 'Macadamia Oil', 'liter', 2.94, NULL),
(377, 'Anchovies', 'centiliter', 3.4, NULL),
(378, 'Tamarillo', 'centiliter', 0.53, NULL),
(379, 'Hot Smoked Salmon', 'deciliter', 1.57, NULL),
(380, 'Dandelion', 'milliliter', 3.27, NULL),
(381, 'Miso', 'milliliter', 3.44, NULL),
(382, 'Jerusalem Artichoke', 'liter', 3.94, NULL),
(383, 'Cream', 'centiliter', 0.37, NULL),
(384, 'Chinese Five Spice', 'deciliter', 0.74, NULL),
(385, 'Octopus', 'liter', 0.03, NULL),
(386, 'Agar', 'deciliter', 2.71, NULL),
(387, 'White Wine', 'deciliter', 0.9, NULL),
(388, 'Nutmeg', 'deciliter', 3.4, NULL),
(389, 'Poppy Seed', 'milliliter', 2.64, NULL),
(390, 'Apricots', 'liter', 0.52, NULL),
(391, 'Fennel', 'milliliter', 3.47, NULL),
(392, 'Sage', 'centiliter', 2.72, NULL),
(393, 'Peppercorns', 'deciliter', 0.24, NULL),
(394, 'Cumquat', 'milliliter', 1.69, NULL),
(395, 'Butter', 'liter', 2.82, NULL),
(396, 'Spinach', 'deciliter', 2.63, NULL),
(397, 'Nasturtium', 'centiliter', 0.13, NULL),
(398, 'Oatmeal', 'centiliter', 2.06, NULL),
(399, 'Green Beans', 'deciliter', 3.72, NULL),
(400, 'Flathead', 'liter', 2.75, NULL),
(401, 'Pecan Nut', 'centiliter', 3.78, NULL),
(402, 'Papaw', 'milliliter', 0.74, NULL),
(403, 'Raisin', 'liter', 0.26, NULL),
(404, 'Starfruit', 'milliliter', 0.56, NULL),
(405, 'Bush Tomato', 'milliliter', 2.91, NULL),
(406, 'Soba', 'milliliter', 3.83, NULL),
(407, 'Snowpea sprouts', 'centiliter', 0.62, NULL),
(408, 'Koshihikari Rice', 'centiliter', 0.09, NULL),
(409, 'Peas', 'milliliter', 1.42, NULL),
(410, 'Buttermilk', 'deciliter', 2.36, NULL),
(411, 'Lotus Root', 'milliliter', 3.59, NULL),
(412, 'Agave Syrup', 'centiliter', 1.32, NULL),
(413, 'Harissa', 'centiliter', 1.97, NULL),
(414, 'Sweet Chilli Sauce', 'deciliter', 1.62, NULL),
(415, 'Asafoetida', 'deciliter', 2.47, NULL),
(416, 'Fenugreek', 'liter', 2.43, NULL),
(417, 'Broccolini', 'liter', 1.58, NULL),
(418, 'Silverbeet', 'liter', 0.72, NULL),
(419, 'Iceberg Lettuce', 'liter', 0.68, NULL),
(420, 'Pomegranate', 'centiliter', 3.57, NULL),
(421, 'Beef', 'milliliter', 3.69, NULL),
(422, 'Lavender Flowers', 'centiliter', 3.56, NULL),
(423, 'Nuts', 'milliliter', 1.22, NULL),
(424, 'Nori', 'centiliter', 0.83, NULL),
(425, 'Cornichons', 'liter', 1.27, NULL),
(426, 'Olives', 'centiliter', 1.85, NULL),
(427, 'Corn Tortilla', 'deciliter', 0.74, NULL),
(428, 'Sake', 'liter', 3.54, NULL),
(429, 'Spring Onions', 'deciliter', 3.98, NULL),
(430, 'Pandanus Leaves', 'centiliter', 3.36, NULL),
(431, 'Wholemeal', 'milliliter', 2.33, NULL),
(432, 'French Eschallots', 'centiliter', 3.02, NULL),
(433, 'Potatoes', 'centiliter', 0.19, NULL),
(434, 'White Wine Vinegar', 'milliliter', 2.61, NULL),
(435, 'Szechuan Pepperberry', 'deciliter', 1.75, NULL),
(436, 'Tuna', 'liter', 2.51, NULL),
(437, 'Tofu', 'centiliter', 3.73, NULL),
(438, 'Lemon', 'deciliter', 3.88, NULL),
(439, 'Custard Apples', 'centiliter', 2.03, NULL),
(440, 'Coconut Oil', 'liter', 1.78, NULL),
(441, 'Green Tea', 'milliliter', 0.98, NULL),
(442, 'Grapefruit', 'milliliter', 3.01, NULL),
(443, 'Quark Quinc', 'deciliter', 0.36, NULL),
(444, 'Beetroot', 'deciliter', 2.87, NULL),
(445, 'Achacha', 'milliliter', 2.28, NULL),
(446, 'Sea Salt', 'liter', 2.45, NULL),
(447, 'Candle Nut', 'centiliter', 2.63, NULL),
(448, 'Stevia', 'deciliter', 2.74, NULL),
(449, 'Mozzarella', 'liter', 2.77, NULL),
(450, 'Freekeh', 'liter', 0.27, NULL),
(451, 'Prunes', 'liter', 0.01, NULL),
(452, 'Morwong', 'deciliter', 1, NULL),
(453, 'Haricot Beans', 'centiliter', 0.84, NULL),
(454, 'Ricemilk', 'liter', 3.18, NULL),
(455, 'Redfish', 'centiliter', 2.12, NULL),
(456, 'Wheatgrass Juice', 'liter', 0.94, NULL),
(457, 'Oysters', 'deciliter', 2.96, NULL),
(458, 'Warehou', 'centiliter', 1.5, NULL),
(459, 'Sugar', 'liter', 3.31, NULL),
(460, 'Peanuts', 'deciliter', 3.26, NULL),
(461, 'Beans', 'milliliter', 2.73, NULL),
(462, 'Bread', 'deciliter', 1.27, NULL),
(463, 'Soy Sauce', 'deciliter', 0.49, NULL),
(464, 'Mulberries', 'deciliter', 1.75, NULL),
(465, 'Chinese Cabbage', 'milliliter', 0.71, NULL),
(466, 'Parsnip', 'milliliter', 0.94, NULL),
(467, 'White Flour', 'milliliter', 0.09, NULL),
(468, 'Goji Berry', 'milliliter', 0.18, NULL),
(469, 'Bonza', 'milliliter', 2.67, NULL),
(470, 'Bean Sprouts', 'milliliter', 1.29, NULL),
(471, 'Kangaroo', 'centiliter', 0, NULL),
(472, 'Capsicum', 'liter', 1.5, NULL),
(473, 'Grapes', 'centiliter', 1.29, NULL),
(474, 'Sour Dough Bread', 'deciliter', 2, NULL),
(475, 'Coriander Leaves', 'milliliter', 0.84, NULL),
(476, 'Mangosteens', 'centiliter', 0.53, NULL),
(477, 'Butternut Pumpkin', 'milliliter', 0.1, NULL),
(478, 'Sausages', 'milliliter', 1.98, NULL),
(479, 'Carob Carrot', 'liter', 2.9, NULL),
(480, 'Milk', 'milliliter', 3.25, NULL);

-- END TABLE public.ingredients

-- BEGIN TABLE public.locations
DROP TABLE IF EXISTS public.locations CASCADE;
BEGIN;

CREATE TABLE IF NOT EXISTS public.locations (
    location_id integer GENERATED BY DEFAULT AS IDENTITY NOT NULL,
    name character varying(255) NOT NULL,
    address text NOT NULL,
    PRIMARY KEY(location_id)
);

COMMIT;

-- Inserting 25 rows into public.locations
-- Insert batch #1
INSERT INTO public.locations (location_id, name, address) VALUES
(1, 'Green House', '76016 Schmidt Extensions, East Verona, DE 24796'),
(2, 'Big Pub', '3618 Clotilde Flat, Mariaton, HI 51178-2296'),
(3, 'Orange Gastropub', 'Apt. 108 9319 Huels Points, East Lashaun, OR 56406'),
(4, 'Blue Plate Eatery', 'Apt. 605 42768 Cummerata Points, Stevieland, DE 78828'),
(5, 'Golden Eats', 'Suite 300 33716 Boehm Streets, New Terra, WV 86121'),
(6, 'Belly Burger', 'Suite 881 8329 Gerhold Overpass, Arlieburgh, NH 65090'),
(7, 'Sugar Eats', 'Suite 363 5005 Barbera Union, Heathcoteville, MS 01355-4415'),
(8, 'Hungry Grill', '58296 Omar Valley, Feilfort, KY 07659-2839'),
(9, 'Silver Grill & Tap', '68343 Silvia Bridge, Walkerborough, MS 06277'),
(10, 'Spice Curry', '4465 Edmond Tunnel, Myrnafurt, AR 20031-3383'),
(11, 'Golden Box', '212 Chadwick Junctions, West Mickey, OH 13767'),
(12, '6963 Pub', 'Suite 219 490 Gabriele Spurs, Florettaland, MT 91856'),
(13, 'Sweet Cafe', 'Apt. 870 51865 Fahey Stream, Port Jessiborough, MA 92063'),
(14, 'Thirsty King', 'Suite 579 59243 Kozey Shore, North Ruthieside, WI 92223-5630'),
(15, 'Sugar Gastropub', 'Apt. 192 67071 Watsica Ports, Lake Heribertochester, MT 36439-5551'),
(16, 'Green Diner', 'Apt. 986 7055 Johnston Unions, Palmerbury, MS 79270'),
(17, 'Fat Sushi', '7644 Hane Street, Glenburgh, WA 89140-4587'),
(18, '421 BBQ', '616 Cherie Burgs, Lake Manuel, LA 81182-3222'),
(19, 'Silver Cafe', 'Suite 401 9564 Robt Plaza, Caspermouth, WI 02747'),
(20, 'Green Juice Bar', '9229 Naida Square, Reichelburgh, NH 32282-7160'),
(21, 'Thirsty Diner', '95471 Lacresha Rue, South Jerrodside, TN 92154'),
(22, '255 Gastropub', 'Apt. 538 490 Madalyn Haven, Beaufort, NJ 37701'),
(23, 'Green Shakes', 'Apt. 844 434 Gregory Brooks, Lake Neville, NJ 08907-7960'),
(24, 'Blue Steakhouse', 'Suite 763 949 Isaias Union, Lake Danelle, OR 26274'),
(25, 'Belly Curry', 'Apt. 942 576 King Brook, Hilllview, AL 12762');

-- END TABLE public.locations

-- BEGIN TABLE public.menus
DROP TABLE IF EXISTS public.menus CASCADE;
BEGIN;

CREATE TABLE IF NOT EXISTS public.menus (
	id integer GENERATED BY DEFAULT AS IDENTITY NOT NULL,
	recipe_id integer NOT NULL,
	location_id integer NOT NULL,
	price numeric(10,2),
	modifiers integer,
	PRIMARY KEY(id)
);

COMMIT;

-- Inserting 609 rows into public.menus
-- Insert batch #1
INSERT INTO public.menus (recipe_id, location_id, price, modifiers) VALUES
(1, 13, 11.95, 1),
(1, 21, 9.09, 0),
(1, 18, 11.36, 2),
(1, 16, 5.38, 0),
(1, 11, 9.43, 0),
(2, 18, 11.43, 0),
(2, 7, 11.7, 1),
(3, 11, 2.32, 0),
(3, 4, 5.39, 0),
(3, 23, 9.18, 0),
(3, 13, 13.45, 0),
(4, 15, 6.19, 2),
(4, 20, 12.42, 2),
(5, 23, 13.66, 0),
(6, 24, 4.23, 1),
(6, 25, 6.69, 0),
(6, 19, 13.12, 0),
(6, 13, 12.9, 1),
(7, 5, 6.71, 1),
(7, 7, 10.67, 2),
(8, 2, 4.03, 2),
(8, 20, 13.42, 1),
(9, 11, 9.81, 2),
(9, 5, 9.42, 1),
(9, 10, 12.05, 2),
(9, 9, 11.42, 2),
(9, 23, 7.46, 0),
(9, 20, 10.03, 1),
(10, 24, 10.07, 0),
(10, 19, 13.95, 1),
(10, 13, 12.73, 1),
(10, 11, 10.56, 1),
(11, 8, 6.44, 2),
(11, 18, 11.6, 0),
(11, 24, 10.85, 1),
(11, 14, 11.73, 0),
(11, 20, 11.93, 2),
(12, 13, 8.58, 1),
(12, 25, 5.7, 0),
(12, 20, 12.67, 0),
(13, 15, 8.29, 0),
(13, 23, 4.56, 0),
(13, 21, 10.88, 1),
(13, 18, 8.39, 0),
(14, 15, 6.22, 1),
(14, 9, 10.63, 1),
(14, 24, 8.59, 0),
(15, 10, 11.4, 0),
(16, 16, 11.69, 2),
(16, 10, 4.28, 2),
(16, 24, 11.86, 0),
(16, 7, 8.85, 0),
(17, 1, 6.15, 1),
(17, 17, 9.66, 0),
(18, 5, 6.04, 0),
(18, 24, 11.58, 0),
(18, 15, 11, 0),
(18, 23, 12.05, 0),
(18, 1, 9.42, 2),
(19, 7, 11.28, 0),
(19, 16, 4.47, 0),
(19, 19, 8.87, 1),
(19, 20, 13.42, 0),
(20, 23, 10.61, 2),
(20, 4, 4.09, 0),
(20, 21, 6.08, 0),
(20, 17, 9.01, 0),
(21, 10, 3.07, 2),
(21, 8, 12.04, 0),
(21, 16, 2.63, 1),
(22, 15, 11.82, 0),
(22, 18, 10.11, 2),
(22, 21, 9.38, 0),
(23, 17, 13.2, 2),
(23, 19, 10.08, 0),
(23, 20, 5.17, 0),
(24, 22, 8.83, 0),
(24, 6, 9.82, 2),
(24, 19, 3.1, 1),
(25, 15, 11.34, 2),
(25, 16, 6.64, 0),
(25, 1, 13.4, 2),
(25, 7, 10.17, 0),
(25, 13, 10.13, 2),
(26, 25, 4.6, 0),
(26, 23, 4.08, 0),
(26, 16, 12.71, 2),
(26, 5, 4.11, 1),
(26, 18, 11.6, 2),
(27, 2, 4.85, 1),
(27, 25, 5.79, 1),
(27, 4, 4.21, 0),
(27, 21, 12.28, 1),
(27, 11, 4.33, 0),
(28, 17, 10.11, 0),
(28, 15, 4.42, 2),
(28, 18, 2.99, 0),
(28, 7, 11.37, 2),
(28, 21, 7.12, 1),
(29, 13, 7.32, 0),
(29, 3, 3.87, 2),
(29, 14, 11.41, 2),
(29, 19, 5.31, 0),
(30, 15, 6.37, 1),
(30, 5, 8.34, 1),
(30, 16, 12.7, 2),
(30, 22, 6.54, 0),
(31, 10, 2.4, 2),
(31, 11, 6.74, 2),
(31, 1, 7.75, 1),
(31, 22, 8.82, 2),
(32, 19, 12.71, 1),
(32, 11, 4, 1),
(33, 24, 10.52, 0),
(33, 18, 5.8, 1),
(33, 10, 13.49, 1),
(33, 20, 2.1, 2),
(33, 16, 9.24, 2),
(33, 7, 6.59, 2),
(34, 2, 9.77, 2),
(35, 14, 3.7, 1),
(35, 7, 5.27, 2),
(35, 8, 7.6, 1),
(35, 22, 11.36, 0),
(35, 13, 10.98, 0),
(37, 23, 5.49, 0),
(37, 8, 13.52, 2),
(37, 12, 3.96, 0),
(37, 20, 4.45, 0),
(38, 5, 8.89, 0),
(39, 17, 10.97, 0),
(39, 13, 4.16, 0),
(39, 22, 8.76, 2),
(39, 24, 2.27, 2),
(39, 1, 13.16, 1),
(40, 20, 2.31, 0),
(41, 24, 12.38, 0),
(41, 3, 13.77, 0),
(41, 15, 7.21, 2),
(41, 16, 4.19, 0),
(42, 15, 6.29, 2),
(42, 21, 7.7, 0),
(42, 17, 12.43, 0),
(43, 24, 5.92, 2),
(43, 11, 9.61, 2),
(44, 2, 7.16, 2),
(44, 1, 2.45, 2),
(44, 7, 6.51, 0),
(44, 3, 8.76, 1),
(44, 19, 11.75, 0),
(45, 25, 8.52, 0),
(46, 20, 8.26, 0),
(46, 16, 5.05, 2),
(46, 13, 3.46, 0),
(47, 3, 5.17, 0),
(47, 13, 11.46, 2),
(47, 20, 11.04, 0),
(47, 16, 4.05, 0),
(47, 15, 13.3, 1),
(47, 1, 5.36, 0),
(48, 22, 7.81, 0),
(48, 23, 4.46, 2),
(48, 9, 11.5, 1),
(49, 12, 12.84, 1),
(49, 17, 6.48, 2),
(49, 16, 5.08, 1),
(50, 8, 9, 0),
(50, 7, 5.72, 1),
(51, 20, 6.5, 0),
(51, 13, 5.15, 1),
(52, 22, 6.18, 1),
(52, 7, 11.08, 2),
(52, 12, 4.05, 0),
(53, 17, 6.01, 1),
(53, 20, 4.66, 2),
(53, 23, 4.5, 0),
(53, 22, 11.79, 2),
(54, 14, 11.66, 0),
(54, 16, 12.68, 2),
(55, 4, 5.46, 0),
(55, 14, 6.01, 0),
(55, 12, 7.71, 0),
(56, 23, 12.55, 1),
(56, 22, 4.5, 2),
(56, 14, 4.51, 2),
(57, 4, 6.93, 0),
(57, 14, 10.86, 0),
(57, 7, 8.84, 0),
(57, 10, 11.18, 2),
(57, 21, 13.02, 2),
(58, 3, 8.93, 0),
(58, 2, 8.9, 2),
(58, 22, 3.52, 0),
(58, 21, 3.04, 0),
(60, 8, 12.39, 1),
(60, 11, 11.43, 0),
(61, 21, 13.57, 0),
(61, 10, 3.44, 2),
(62, 17, 10.5, 1),
(62, 19, 6.63, 0),
(62, 13, 2.29, 2),
(62, 6, 4.1, 2),
(62, 23, 5.22, 2),
(62, 24, 10.32, 0),
(63, 20, 7.37, 0),
(63, 10, 4.03, 0),
(63, 21, 2.74, 1),
(64, 23, 4.92, 0),
(64, 19, 11.4, 0),
(64, 2, 5.38, 1),
(64, 1, 12.92, 0),
(65, 23, 2.71, 1),
(65, 21, 5.92, 1),
(65, 25, 11.7, 2),
(65, 17, 4.8, 0),
(65, 12, 8.72, 1),
(66, 17, 9.21, 0),
(67, 3, 6.71, 1),
(67, 17, 7.71, 2),
(67, 4, 12.65, 0),
(67, 19, 10.17, 1),
(67, 15, 13.39, 0),
(68, 22, 7.68, 1),
(68, 5, 7.01, 0),
(68, 24, 3.05, 0),
(69, 6, 9.23, 0),
(69, 16, 12.8, 0),
(69, 2, 6.58, 0),
(69, 20, 8.38, 0),
(70, 11, 11, 1),
(70, 22, 9.32, 1),
(70, 10, 13.55, 0),
(70, 24, 12.71, 1),
(71, 17, 9.78, 2),
(71, 23, 4.96, 1),
(72, 20, 3.1, 0),
(72, 24, 12.2, 0),
(72, 22, 6.93, 0),
(72, 1, 12.2, 1),
(72, 25, 4.79, 2),
(73, 8, 9.61, 2),
(73, 13, 2.39, 0),
(74, 16, 9.6, 2),
(74, 24, 13.75, 0),
(74, 15, 13.15, 0),
(74, 19, 4.6, 0),
(75, 11, 8.13, 1),
(75, 9, 8.14, 2),
(75, 19, 7.82, 0),
(75, 5, 4.7, 1),
(76, 14, 4.24, 0),
(77, 19, 3.8, 0),
(77, 10, 11.48, 0),
(77, 15, 13.8, 1),
(77, 13, 5.64, 2),
(77, 2, 2.74, 0),
(77, 23, 3.5, 2),
(78, 7, 7.67, 1),
(78, 19, 4.68, 0),
(79, 15, 6.88, 0),
(79, 18, 4.01, 0),
(79, 23, 5.12, 1),
(80, 20, 5.51, 1),
(80, 16, 12.92, 1),
(80, 4, 4.39, 1),
(81, 22, 2.16, 0),
(82, 1, 6.93, 2),
(82, 19, 7.97, 0),
(82, 4, 12.5, 2),
(83, 6, 5.68, 0),
(83, 20, 9.02, 2),
(83, 15, 7.89, 2),
(84, 17, 7.49, 2),
(84, 16, 6.25, 0),
(84, 10, 3.52, 1),
(85, 18, 5.72, 0),
(85, 16, 3.62, 0),
(85, 23, 13.48, 1),
(85, 19, 2.82, 0),
(85, 12, 6.12, 0),
(86, 1, 4.03, 0),
(86, 5, 12.66, 0),
(86, 2, 7.9, 2),
(86, 6, 3.77, 2),
(86, 4, 11.4, 0),
(86, 16, 5.88, 0),
(87, 12, 11.22, 2),
(87, 8, 4.17, 2),
(87, 22, 2.97, 0),
(88, 13, 11.18, 1),
(88, 5, 2.39, 1),
(88, 4, 4.89, 1),
(88, 9, 5.36, 2),
(89, 8, 13.43, 2),
(89, 21, 4.31, 1),
(89, 4, 11.29, 2),
(90, 20, 13.17, 0),
(90, 11, 3.32, 0),
(90, 25, 6.23, 0),
(90, 17, 12.75, 2),
(90, 7, 11.31, 0),
(91, 16, 10.83, 2),
(92, 10, 13.94, 0),
(92, 24, 2.19, 1),
(92, 9, 4.88, 0),
(94, 18, 8.51, 0),
(94, 5, 9.18, 1),
(94, 3, 3.37, 1),
(94, 10, 5.06, 0),
(95, 20, 2.4, 1),
(95, 10, 12.17, 1),
(95, 8, 10.81, 0),
(96, 21, 6.23, 1),
(96, 24, 2.92, 0),
(96, 15, 11.43, 0),
(97, 1, 3.7, 0),
(97, 8, 6.21, 2),
(97, 16, 4.31, 1),
(97, 4, 2.54, 1),
(97, 21, 13.19, 0),
(98, 21, 7.81, 0),
(98, 22, 9.28, 1),
(98, 24, 13.1, 1),
(98, 8, 7.93, 0),
(99, 24, 3.44, 1),
(99, 1, 11.47, 2),
(100, 11, 4.46, 1),
(100, 1, 12.28, 0),
(100, 2, 10.55, 0),
(100, 8, 13.92, 0),
(101, 23, 13.69, 1),
(101, 7, 9.12, 0),
(101, 21, 10.32, 0),
(101, 5, 3.75, 2),
(101, 22, 9.78, 0),
(101, 19, 6.31, 0),
(103, 17, 13.26, 1),
(103, 3, 3.44, 1),
(103, 5, 12.24, 2),
(103, 16, 11.21, 2),
(103, 21, 3.26, 1),
(104, 10, 13.52, 0),
(104, 8, 11.46, 2),
(104, 21, 6.55, 2),
(104, 9, 8.68, 2),
(104, 19, 10.55, 0),
(104, 13, 9.36, 0),
(104, 24, 3.49, 1),
(105, 23, 4.44, 0),
(105, 22, 12.24, 0),
(105, 16, 8.26, 0),
(105, 24, 6.98, 2),
(105, 14, 2.31, 0),
(105, 13, 9.23, 0),
(106, 13, 2.47, 0),
(106, 11, 2.75, 1),
(107, 17, 6.11, 0),
(107, 18, 9.73, 0),
(107, 24, 5.74, 0),
(107, 9, 11.29, 1),
(108, 21, 4.74, 0),
(108, 1, 5.54, 0),
(108, 13, 4.95, 0),
(108, 16, 2.56, 2),
(108, 3, 13.32, 2),
(108, 7, 10.58, 2),
(109, 20, 5.15, 0),
(109, 24, 2.24, 2),
(109, 8, 11.75, 0),
(109, 23, 7.85, 0),
(109, 10, 13.36, 1),
(111, 5, 2.39, 1),
(111, 13, 3.89, 1),
(111, 7, 11.05, 1),
(111, 9, 12.21, 1),
(111, 15, 8.73, 0),
(111, 8, 8.81, 0),
(112, 23, 8.78, 2),
(112, 19, 13.8, 2),
(112, 16, 9.14, 0),
(112, 5, 8.27, 2),
(112, 20, 11.59, 0),
(112, 22, 6.7, 0),
(112, 9, 10, 0),
(113, 8, 7.36, 1),
(113, 16, 2.94, 2),
(113, 18, 9.38, 2),
(114, 24, 12.71, 1),
(115, 19, 8.17, 2),
(115, 4, 9.14, 0),
(115, 2, 6.79, 0),
(115, 11, 13.66, 1),
(116, 15, 10.56, 2),
(117, 10, 3.76, 0),
(117, 17, 9.32, 2),
(117, 12, 7.23, 1),
(118, 1, 7.34, 1),
(118, 11, 10.29, 0),
(118, 3, 7.64, 0),
(118, 13, 10.86, 0),
(118, 22, 10.61, 0),
(118, 9, 6.48, 0),
(119, 17, 12.58, 0),
(119, 4, 2.45, 0),
(119, 9, 12.74, 1),
(119, 12, 8.16, 0),
(119, 21, 6.08, 0),
(120, 10, 11.22, 2),
(121, 24, 2.24, 0),
(121, 2, 11.58, 2),
(121, 1, 5.94, 0),
(121, 9, 7.2, 0),
(121, 10, 8.1, 2),
(122, 13, 2.31, 0),
(122, 23, 9.78, 1),
(123, 9, 5.34, 1),
(123, 19, 2.92, 1),
(123, 2, 3.96, 0),
(123, 13, 12.37, 0),
(123, 6, 2.58, 1),
(124, 13, 12.09, 1),
(124, 5, 10.12, 2),
(124, 15, 5.84, 2),
(124, 19, 4.94, 1),
(124, 11, 7.1, 0),
(125, 9, 6.57, 1),
(125, 4, 13.76, 0),
(125, 15, 8.81, 0),
(125, 22, 2.2, 0),
(126, 10, 3.56, 0),
(127, 16, 4.47, 0),
(127, 19, 6.07, 2),
(127, 24, 7.83, 0),
(127, 20, 2.52, 2),
(128, 22, 8.94, 2),
(128, 17, 8.33, 0),
(128, 4, 9.47, 0),
(129, 3, 9.99, 2),
(130, 16, 5.52, 0),
(130, 23, 3.39, 1),
(131, 13, 7.2, 1),
(131, 14, 4.21, 0),
(131, 1, 6.7, 1),
(131, 7, 3.69, 1),
(131, 3, 5.14, 1),
(131, 23, 11.91, 0),
(132, 15, 2.91, 0),
(132, 1, 10.04, 1),
(133, 4, 7.24, 0),
(133, 7, 4.06, 1),
(134, 16, 7.04, 1),
(134, 7, 7.42, 1),
(134, 2, 2.25, 0),
(135, 5, 3, 1),
(135, 13, 7.53, 0),
(135, 20, 5.62, 1),
(136, 11, 10.08, 0),
(136, 17, 9.26, 1),
(136, 3, 7.45, 2),
(136, 18, 2.2, 1),
(136, 15, 3.57, 0),
(136, 23, 2.76, 2),
(137, 15, 8.6, 1),
(137, 10, 2.02, 0),
(138, 18, 7.96, 0),
(138, 1, 13.52, 2),
(138, 10, 10.71, 0),
(138, 24, 3.44, 2),
(138, 13, 7.1, 2),
(139, 2, 10.82, 2),
(139, 21, 12.59, 1),
(139, 6, 6.77, 0),
(139, 23, 4.37, 2),
(139, 1, 6.07, 1),
(140, 15, 11.38, 1),
(140, 1, 3.53, 2),
(140, 23, 9, 0),
(141, 12, 12.34, 2),
(141, 19, 8.04, 2),
(142, 7, 4.36, 1),
(142, 17, 10.94, 0),
(142, 23, 9.4, 1),
(142, 11, 5.55, 1),
(142, 16, 4.82, 0),
(143, 7, 5.02, 0),
(143, 16, 11.74, 0),
(143, 12, 12.94, 0),
(144, 10, 11.65, 1),
(144, 13, 8.98, 0),
(145, 19, 7.18, 0),
(145, 22, 5.55, 1),
(145, 2, 7.64, 1),
(145, 6, 12.51, 2),
(147, 2, 5.71, 0),
(147, 7, 9.28, 1),
(147, 16, 3.37, 2),
(148, 13, 11.97, 0),
(148, 21, 12.63, 0),
(148, 7, 10.23, 1),
(149, 20, 11.34, 1),
(150, 10, 10.6, 2),
(150, 19, 11.87, 0),
(150, 23, 12.13, 0),
(151, 15, 13.66, 0),
(151, 24, 10.61, 2),
(151, 13, 5.1, 0),
(151, 20, 12.94, 1),
(152, 23, 5.78, 0),
(152, 19, 3.92, 1),
(152, 13, 4.51, 1),
(152, 14, 6.7, 2),
(152, 15, 11.81, 2),
(152, 25, 11.31, 1),
(153, 13, 9.75, 1),
(153, 23, 3.5, 0),
(153, 15, 9.02, 1),
(153, 2, 13.68, 1),
(153, 19, 5.75, 1),
(154, 15, 5.71, 2),
(154, 19, 12.12, 1),
(154, 17, 9.83, 0),
(154, 24, 11.62, 1),
(154, 11, 2.33, 0),
(155, 5, 2.19, 0),
(155, 22, 9.47, 2),
(155, 13, 6.9, 0),
(156, 4, 6.98, 1),
(156, 10, 8.46, 0),
(156, 9, 5.87, 0),
(156, 16, 10.69, 1),
(156, 19, 14, 0),
(156, 23, 12.6, 1),
(157, 24, 2.62, 2),
(157, 22, 8.39, 1),
(158, 24, 3.41, 1),
(158, 19, 6.26, 2),
(159, 6, 13.95, 0),
(159, 23, 12.96, 0),
(160, 14, 2.85, 0),
(160, 7, 2.82, 2),
(160, 1, 4, 0),
(161, 13, 13.69, 0),
(161, 25, 13.05, 1),
(161, 20, 10.4, 2),
(162, 22, 13.03, 0),
(162, 24, 8.83, 1),
(162, 11, 11.33, 1),
(163, 4, 6.17, 2),
(163, 10, 11.61, 0),
(163, 20, 12.31, 0),
(164, 23, 6.13, 2),
(164, 15, 12.09, 0),
(164, 6, 3.33, 0),
(165, 5, 4.04, 0),
(165, 14, 4.68, 1),
(165, 22, 10.75, 2),
(165, 10, 9.22, 2),
(166, 18, 5.82, 1),
(166, 23, 8.07, 1),
(166, 20, 2.75, 1),
(167, 19, 12.14, 2),
(167, 13, 3.65, 1),
(167, 15, 5.67, 0),
(167, 8, 2.89, 2),
(168, 21, 2.61, 1),
(168, 13, 3, 0),
(168, 1, 10.53, 0),
(168, 17, 13.83, 0),
(169, 2, 7.26, 0),
(169, 20, 12.99, 0),
(170, 12, 7.07, 1),
(170, 16, 2.71, 0),
(170, 7, 10.68, 0),
(170, 21, 6.93, 0),
(171, 2, 9.82, 0),
(171, 23, 13.93, 1),
(171, 8, 11.14, 1),
(171, 13, 3.79, 2),
(171, 10, 5.37, 1),
(171, 24, 3.46, 2),
(172, 24, 2.81, 0),
(172, 15, 13.4, 0),
(172, 10, 2.73, 0),
(172, 2, 6.15, 2),
(173, 11, 9.66, 1),
(173, 15, 3.93, 1),
(173, 24, 6.33, 1),
(173, 16, 12.15, 1),
(174, 7, 9.21, 2),
(174, 15, 2.97, 2),
(175, 19, 6.09, 1),
(175, 17, 6.23, 1),
(176, 8, 2.81, 0),
(176, 1, 10.22, 2),
(176, 20, 5.27, 0),
(176, 15, 2.07, 1),
(176, 11, 7.62, 1),
(177, 22, 3.05, 1),
(178, 13, 5.44, 0),
(178, 2, 12.57, 0),
(178, 14, 6.07, 0),
(178, 4, 11.28, 2),
(178, 17, 9.53, 2),
(178, 1, 4.65, 2),
(178, 20, 9.98, 2),
(179, 23, 3.5, 0),
(179, 10, 12.24, 1),
(179, 14, 9.06, 0),
(180, 25, 13.06, 1);

-- END TABLE public.menus


-- BEGIN TABLE public.modifiers
DROP TABLE IF EXISTS public.modifiers CASCADE;
BEGIN;

CREATE TABLE IF NOT EXISTS public.modifiers (
	id integer GENERATED BY DEFAULT AS IDENTITY NOT NULL,
	name character varying(255) NOT NULL,
	"data" jsonb NOT NULL,
	PRIMARY KEY(id)
);

COMMIT;

-- Inserting 2 rows into public.modifiers
-- Insert batch #1
INSERT INTO public.modifiers (id, name, "data") VALUES
(1, 'Add ingredient', '[{"price": 3.73, "option": "Taleggio Cheese"}, {"price": 1.66, "option": "Turmeric"}, {"price": 1.93, "option": "Vegetable Oil"}, {"price": 2.27, "option": "Cornichons"}, {"price": 2.56, "option": "Tea Oil"}, {"price": 4.02, "option": "French Eschallots"}, {"price": 2.59, "option": "Tempeh"}, {"price": 2.42, "option": "Dill"}, {"price": 2.77, "option": "Fresh Chillies"}, {"price": 2.93, "option": "Pepitas"}, {"price": 1.84, "option": "Watermelon"}, {"price": 3.45, "option": "Sea Salt"}]'),
(2, 'Allergens', '[{"name": "Crustaceans"}, {"name": "None"}, {"name": "Sesame"}, {"name": "Peanut"}, {"name": "Halal"}, {"name": "Fish"}, {"name": "Vegan"}, {"name": "Celery"}, {"name": "Mollusc"}, {"name": "Sulphites"}, {"name": "Gluten"}, {"name": "Lupin"}, {"name": "Nut"}, {"name": "Mustard"}, {"name": "Dairy"}, {"name": "Soy"}, {"name": "Egg"}]');

-- END TABLE public.modifiers

-- BEGIN TABLE public.recipes
DROP TABLE IF EXISTS public.recipes CASCADE;
BEGIN;

CREATE TABLE IF NOT EXISTS public.recipes (
	id integer GENERATED BY DEFAULT AS IDENTITY NOT NULL,
	name character varying(255) NOT NULL,
	"data" jsonb NOT NULL,
	PRIMARY KEY(id)
);

COMMIT;

-- Inserting 180 rows into public.recipes
-- Insert batch #1
INSERT INTO public.recipes (id, name, "data") VALUES
(1, 'The Kinks', '[{"quantity": 5.20, "ingredient_id": 403}, {"quantity": 4.10, "ingredient_id": 409}, {"quantity": 2.60, "ingredient_id": 92}, {"quantity": 1.40, "ingredient_id": 440}, {"quantity": 5.90, "ingredient_id": 19}, {"quantity": 3.70, "ingredient_id": 205}]'),
(2, 'Blondie', '[{"quantity": 3.50, "ingredient_id": 187}, {"quantity": 8.10, "ingredient_id": 5}, {"quantity": 4.70, "ingredient_id": 294}, {"quantity": 6.20, "ingredient_id": 385}, {"quantity": 4.10, "ingredient_id": 409}, {"quantity": 2.70, "ingredient_id": 63}, {"quantity": 4.20, "ingredient_id": 107}, {"quantity": 5.10, "ingredient_id": 419}, {"quantity": 3.90, "ingredient_id": 135}]'),
(3, 'Thornley', '[{"quantity": 7.40, "ingredient_id": 114}, {"quantity": 4.30, "ingredient_id": 166}, {"quantity": 4.50, "ingredient_id": 87}, {"quantity": 8.10, "ingredient_id": 434}, {"quantity": 0.00, "ingredient_id": 335}]'),
(4, 'Iggy Pop', '[{"quantity": 7.50, "ingredient_id": 244}, {"quantity": 3.60, "ingredient_id": 269}, {"quantity": 5.30, "ingredient_id": 439}, {"quantity": 8.90, "ingredient_id": 380}, {"quantity": 7.50, "ingredient_id": 85}, {"quantity": 5.40, "ingredient_id": 21}, {"quantity": 6.90, "ingredient_id": 149}]'),
(5, 'Pat Metheny', '[{"quantity": 7.40, "ingredient_id": 64}, {"quantity": 8.30, "ingredient_id": 431}, {"quantity": 4.20, "ingredient_id": 8}, {"quantity": 5.10, "ingredient_id": 466}, {"quantity": 8.10, "ingredient_id": 434}, {"quantity": 7.90, "ingredient_id": 112}, {"quantity": 0.40, "ingredient_id": 4}, {"quantity": 1.50, "ingredient_id": 317}, {"quantity": 2.30, "ingredient_id": 442}, {"quantity": 1.40, "ingredient_id": 395}, {"quantity": 5.10, "ingredient_id": 270}]'),
(6, 'Prince', '[{"quantity": 1.50, "ingredient_id": 317}, {"quantity": 6.60, "ingredient_id": 414}, {"quantity": 3.70, "ingredient_id": 300}, {"quantity": 0.10, "ingredient_id": 478}, {"quantity": 0.70, "ingredient_id": 128}, {"quantity": 4.20, "ingredient_id": 8}]'),
(7, 'Arctic Monkeys', '[{"quantity": 1.50, "ingredient_id": 461}, {"quantity": 5.50, "ingredient_id": 33}, {"quantity": 0.30, "ingredient_id": 415}, {"quantity": 8.80, "ingredient_id": 443}, {"quantity": 8.40, "ingredient_id": 452}, {"quantity": 0.20, "ingredient_id": 71}, {"quantity": 4.40, "ingredient_id": 23}, {"quantity": 7.10, "ingredient_id": 263}]'),
(8, 'Captain Beefheart', '[{"quantity": 7.20, "ingredient_id": 17}, {"quantity": 1.10, "ingredient_id": 223}, {"quantity": 3.70, "ingredient_id": 205}, {"quantity": 5.50, "ingredient_id": 280}, {"quantity": 4.20, "ingredient_id": 369}, {"quantity": 2.50, "ingredient_id": 35}, {"quantity": 0.00, "ingredient_id": 373}, {"quantity": 8.80, "ingredient_id": 167}, {"quantity": 7.80, "ingredient_id": 315}, {"quantity": 4.10, "ingredient_id": 274}, {"quantity": 1.70, "ingredient_id": 379}]'),
(9, 'Elvis Presley', '[{"quantity": 8.10, "ingredient_id": 434}, {"quantity": 6.40, "ingredient_id": 108}, {"quantity": 4.50, "ingredient_id": 129}, {"quantity": 5.10, "ingredient_id": 466}, {"quantity": 2.80, "ingredient_id": 202}, {"quantity": 8.30, "ingredient_id": 431}, {"quantity": 6.30, "ingredient_id": 86}]'),
(10, 'Brian Wilson', '[{"quantity": 2.40, "ingredient_id": 444}, {"quantity": 4.10, "ingredient_id": 274}]'),
(11, 'Jeff Beck', '[{"quantity": 3.40, "ingredient_id": 303}, {"quantity": 8.10, "ingredient_id": 109}, {"quantity": 6.60, "ingredient_id": 257}, {"quantity": 4.60, "ingredient_id": 256}, {"quantity": 6.60, "ingredient_id": 123}, {"quantity": 9.00, "ingredient_id": 75}, {"quantity": 3.70, "ingredient_id": 300}, {"quantity": 6.10, "ingredient_id": 420}]'),
(12, 'AC/DC', '[{"quantity": 1.30, "ingredient_id": 180}, {"quantity": 7.40, "ingredient_id": 429}, {"quantity": 3.60, "ingredient_id": 411}, {"quantity": 2.00, "ingredient_id": 179}, {"quantity": 8.20, "ingredient_id": 422}, {"quantity": 8.10, "ingredient_id": 311}, {"quantity": 0.30, "ingredient_id": 324}, {"quantity": 5.40, "ingredient_id": 176}, {"quantity": 0.50, "ingredient_id": 320}, {"quantity": 4.10, "ingredient_id": 136}, {"quantity": 1.70, "ingredient_id": 43}]'),
(13, 'Grace Jones', '[{"quantity": 5.80, "ingredient_id": 73}, {"quantity": 2.50, "ingredient_id": 397}, {"quantity": 0.20, "ingredient_id": 71}, {"quantity": 1.30, "ingredient_id": 388}, {"quantity": 0.10, "ingredient_id": 478}, {"quantity": 4.60, "ingredient_id": 160}, {"quantity": 6.90, "ingredient_id": 477}]'),
(14, 'Chrissie Hynde', '[{"quantity": 5.10, "ingredient_id": 419}, {"quantity": 2.20, "ingredient_id": 217}, {"quantity": 7.90, "ingredient_id": 364}]'),
(45, 'Chris Isaak', '[{"quantity": 2.20, "ingredient_id": 332}, {"quantity": 1.90, "ingredient_id": 198}, {"quantity": 2.30, "ingredient_id": 203}, {"quantity": 1.30, "ingredient_id": 180}]'),
(15, 'Johnny Marr', '[{"quantity": 0.40, "ingredient_id": 80}, {"quantity": 7.50, "ingredient_id": 85}, {"quantity": 4.00, "ingredient_id": 196}, {"quantity": 5.00, "ingredient_id": 436}, {"quantity": 2.10, "ingredient_id": 12}, {"quantity": 7.40, "ingredient_id": 114}, {"quantity": 2.00, "ingredient_id": 65}, {"quantity": 0.70, "ingredient_id": 128}, {"quantity": 5.40, "ingredient_id": 158}]'),
(16, 'Red Hot Chili Peppers', '[{"quantity": 3.90, "ingredient_id": 11}, {"quantity": 3.90, "ingredient_id": 135}, {"quantity": 2.10, "ingredient_id": 12}, {"quantity": 1.30, "ingredient_id": 476}, {"quantity": 7.80, "ingredient_id": 171}, {"quantity": 3.70, "ingredient_id": 205}, {"quantity": 1.30, "ingredient_id": 479}, {"quantity": 4.80, "ingredient_id": 150}, {"quantity": 0.20, "ingredient_id": 382}, {"quantity": 2.50, "ingredient_id": 397}, {"quantity": 7.10, "ingredient_id": 263}]'),
(17, 'Radiohead', '[{"quantity": 2.70, "ingredient_id": 15}, {"quantity": 4.40, "ingredient_id": 393}, {"quantity": 7.40, "ingredient_id": 251}, {"quantity": 0.60, "ingredient_id": 126}, {"quantity": 0.00, "ingredient_id": 119}, {"quantity": 0.00, "ingredient_id": 335}, {"quantity": 5.40, "ingredient_id": 355}, {"quantity": 5.20, "ingredient_id": 208}]'),
(18, 'Phish', '[{"quantity": 8.10, "ingredient_id": 434}, {"quantity": 0.40, "ingredient_id": 6}, {"quantity": 3.90, "ingredient_id": 11}, {"quantity": 6.40, "ingredient_id": 108}]'),
(19, 'Duke Ellington', '[{"quantity": 6.60, "ingredient_id": 123}, {"quantity": 6.30, "ingredient_id": 86}, {"quantity": 1.30, "ingredient_id": 180}, {"quantity": 3.40, "ingredient_id": 168}, {"quantity": 4.00, "ingredient_id": 413}, {"quantity": 3.20, "ingredient_id": 337}, {"quantity": 4.30, "ingredient_id": 191}, {"quantity": 3.90, "ingredient_id": 312}, {"quantity": 6.20, "ingredient_id": 138}]'),
(20, 'Siouxsie and The Banshees', '[{"quantity": 1.90, "ingredient_id": 211}, {"quantity": 4.80, "ingredient_id": 459}, {"quantity": 8.20, "ingredient_id": 327}, {"quantity": 6.90, "ingredient_id": 37}, {"quantity": 7.20, "ingredient_id": 446}, {"quantity": 7.60, "ingredient_id": 125}]'),
(21, 'Muse', '[{"quantity": 8.30, "ingredient_id": 394}, {"quantity": 2.80, "ingredient_id": 310}, {"quantity": 8.80, "ingredient_id": 238}, {"quantity": 4.20, "ingredient_id": 29}, {"quantity": 6.40, "ingredient_id": 53}, {"quantity": 2.80, "ingredient_id": 326}, {"quantity": 1.20, "ingredient_id": 146}]'),
(22, 'Chuck Berry', '[{"quantity": 3.90, "ingredient_id": 312}, {"quantity": 2.60, "ingredient_id": 329}, {"quantity": 8.70, "ingredient_id": 321}, {"quantity": 4.90, "ingredient_id": 293}, {"quantity": 2.30, "ingredient_id": 88}, {"quantity": 1.00, "ingredient_id": 143}]'),
(23, 'Offspring', '[{"quantity": 5.20, "ingredient_id": 208}, {"quantity": 5.50, "ingredient_id": 231}, {"quantity": 2.00, "ingredient_id": 172}, {"quantity": 1.30, "ingredient_id": 200}, {"quantity": 5.90, "ingredient_id": 386}]'),
(24, 'Ozzy Osbourne', '[{"quantity": 5.00, "ingredient_id": 398}, {"quantity": 6.70, "ingredient_id": 361}, {"quantity": 8.40, "ingredient_id": 416}, {"quantity": 5.50, "ingredient_id": 280}, {"quantity": 0.00, "ingredient_id": 119}, {"quantity": 0.60, "ingredient_id": 331}, {"quantity": 1.40, "ingredient_id": 285}, {"quantity": 8.70, "ingredient_id": 321}, {"quantity": 2.80, "ingredient_id": 326}, {"quantity": 6.30, "ingredient_id": 86}, {"quantity": 6.10, "ingredient_id": 451}]'),
(25, 'The Jam', '[{"quantity": 5.80, "ingredient_id": 122}, {"quantity": 1.20, "ingredient_id": 351}, {"quantity": 2.60, "ingredient_id": 92}, {"quantity": 2.80, "ingredient_id": 310}]'),
(26, 'Ryan Adams', '[{"quantity": 2.30, "ingredient_id": 41}, {"quantity": 2.40, "ingredient_id": 444}, {"quantity": 7.60, "ingredient_id": 242}, {"quantity": 2.50, "ingredient_id": 359}, {"quantity": 2.40, "ingredient_id": 325}, {"quantity": 8.40, "ingredient_id": 452}, {"quantity": 4.20, "ingredient_id": 107}, {"quantity": 3.80, "ingredient_id": 22}, {"quantity": 5.50, "ingredient_id": 99}]'),
(27, 'Max Roach', '[{"quantity": 2.80, "ingredient_id": 432}, {"quantity": 0.40, "ingredient_id": 253}, {"quantity": 7.90, "ingredient_id": 24}, {"quantity": 5.90, "ingredient_id": 183}, {"quantity": 4.20, "ingredient_id": 107}, {"quantity": 2.30, "ingredient_id": 88}, {"quantity": 7.40, "ingredient_id": 429}]'),
(28, 'Sex Pistols', '[{"quantity": 4.20, "ingredient_id": 29}, {"quantity": 1.90, "ingredient_id": 211}, {"quantity": 6.70, "ingredient_id": 91}, {"quantity": 1.30, "ingredient_id": 180}, {"quantity": 7.10, "ingredient_id": 117}]'),
(77, 'Johnny Borrell', '[{"quantity": 5.50, "ingredient_id": 33}, {"quantity": 7.40, "ingredient_id": 64}, {"quantity": 1.70, "ingredient_id": 435}, {"quantity": 3.90, "ingredient_id": 11}, {"quantity": 6.90, "ingredient_id": 372}, {"quantity": 6.80, "ingredient_id": 98}]'),
(29, 'The Who', '[{"quantity": 6.60, "ingredient_id": 257}, {"quantity": 1.80, "ingredient_id": 230}, {"quantity": 6.90, "ingredient_id": 239}, {"quantity": 8.70, "ingredient_id": 321}, {"quantity": 7.80, "ingredient_id": 374}, {"quantity": 4.00, "ingredient_id": 36}, {"quantity": 2.40, "ingredient_id": 325}, {"quantity": 0.90, "ingredient_id": 371}, {"quantity": 6.70, "ingredient_id": 463}, {"quantity": 6.80, "ingredient_id": 228}]'),
(30, 'The Ramones', '[{"quantity": 4.30, "ingredient_id": 212}, {"quantity": 2.70, "ingredient_id": 405}, {"quantity": 5.30, "ingredient_id": 437}, {"quantity": 5.90, "ingredient_id": 19}, {"quantity": 1.90, "ingredient_id": 248}, {"quantity": 7.10, "ingredient_id": 263}, {"quantity": 1.00, "ingredient_id": 278}, {"quantity": 0.70, "ingredient_id": 157}, {"quantity": 4.20, "ingredient_id": 8}]'),
(31, 'David Bowie', '[{"quantity": 3.50, "ingredient_id": 154}, {"quantity": 2.40, "ingredient_id": 299}, {"quantity": 4.50, "ingredient_id": 93}, {"quantity": 4.60, "ingredient_id": 160}, {"quantity": 7.50, "ingredient_id": 244}]'),
(32, 'Cliff Richard (and the Shadows)', '[{"quantity": 6.00, "ingredient_id": 268}, {"quantity": 7.40, "ingredient_id": 210}, {"quantity": 7.40, "ingredient_id": 338}, {"quantity": 4.90, "ingredient_id": 384}, {"quantity": 2.50, "ingredient_id": 232}, {"quantity": 5.40, "ingredient_id": 355}, {"quantity": 7.70, "ingredient_id": 455}, {"quantity": 1.70, "ingredient_id": 356}, {"quantity": 4.00, "ingredient_id": 16}]'),
(33, 'Ella Fitzgerald', '[{"quantity": 8.50, "ingredient_id": 42}, {"quantity": 0.50, "ingredient_id": 141}, {"quantity": 4.20, "ingredient_id": 29}]'),
(34, 'Jeff Buckley', '[{"quantity": 2.90, "ingredient_id": 178}, {"quantity": 1.00, "ingredient_id": 49}]'),
(35, 'White Stripes', '[{"quantity": 6.30, "ingredient_id": 86}, {"quantity": 0.20, "ingredient_id": 71}, {"quantity": 8.00, "ingredient_id": 319}, {"quantity": 1.70, "ingredient_id": 379}, {"quantity": 0.00, "ingredient_id": 119}, {"quantity": 6.40, "ingredient_id": 53}, {"quantity": 5.80, "ingredient_id": 81}, {"quantity": 5.90, "ingredient_id": 470}, {"quantity": 8.00, "ingredient_id": 213}, {"quantity": 2.00, "ingredient_id": 134}, {"quantity": 7.50, "ingredient_id": 244}]'),
(36, 'Frightened Rabbit', '[{"quantity": 4.90, "ingredient_id": 145}, {"quantity": 8.20, "ingredient_id": 422}, {"quantity": 2.70, "ingredient_id": 390}, {"quantity": 0.50, "ingredient_id": 141}, {"quantity": 7.10, "ingredient_id": 348}, {"quantity": 0.60, "ingredient_id": 396}, {"quantity": 4.50, "ingredient_id": 341}, {"quantity": 8.20, "ingredient_id": 220}, {"quantity": 7.00, "ingredient_id": 214}]'),
(37, 'Carlos Santana', '[{"quantity": 0.10, "ingredient_id": 144}, {"quantity": 2.30, "ingredient_id": 442}, {"quantity": 8.70, "ingredient_id": 186}, {"quantity": 5.80, "ingredient_id": 2}, {"quantity": 5.40, "ingredient_id": 176}, {"quantity": 8.70, "ingredient_id": 153}, {"quantity": 0.10, "ingredient_id": 83}, {"quantity": 3.90, "ingredient_id": 135}, {"quantity": 3.90, "ingredient_id": 165}, {"quantity": 4.80, "ingredient_id": 215}]'),
(38, 'Sinead O''connor', '[{"quantity": 5.80, "ingredient_id": 73}, {"quantity": 4.10, "ingredient_id": 274}]'),
(39, 'Billy Idol', '[{"quantity": 2.50, "ingredient_id": 232}, {"quantity": 4.90, "ingredient_id": 105}, {"quantity": 4.90, "ingredient_id": 293}, {"quantity": 7.00, "ingredient_id": 357}, {"quantity": 7.40, "ingredient_id": 387}, {"quantity": 8.40, "ingredient_id": 452}, {"quantity": 7.80, "ingredient_id": 315}, {"quantity": 4.10, "ingredient_id": 409}, {"quantity": 1.00, "ingredient_id": 399}]'),
(40, 'Led Zeppelin', '[{"quantity": 8.10, "ingredient_id": 345}, {"quantity": 3.80, "ingredient_id": 22}, {"quantity": 8.00, "ingredient_id": 319}, {"quantity": 2.40, "ingredient_id": 20}, {"quantity": 8.90, "ingredient_id": 380}, {"quantity": 0.40, "ingredient_id": 4}, {"quantity": 4.30, "ingredient_id": 254}, {"quantity": 3.60, "ingredient_id": 400}, {"quantity": 4.50, "ingredient_id": 129}, {"quantity": 8.80, "ingredient_id": 443}]'),
(41, 'Marilyn Manson', '[{"quantity": 3.60, "ingredient_id": 323}, {"quantity": 8.30, "ingredient_id": 174}, {"quantity": 3.60, "ingredient_id": 366}, {"quantity": 7.80, "ingredient_id": 464}, {"quantity": 7.90, "ingredient_id": 112}, {"quantity": 2.70, "ingredient_id": 161}, {"quantity": 5.30, "ingredient_id": 188}, {"quantity": 3.90, "ingredient_id": 467}, {"quantity": 7.90, "ingredient_id": 137}]'),
(42, 'Dizzy Gillespie', '[{"quantity": 1.40, "ingredient_id": 285}, {"quantity": 0.20, "ingredient_id": 381}]'),
(43, 'Thelonius Monk', '[{"quantity": 7.20, "ingredient_id": 360}, {"quantity": 7.80, "ingredient_id": 407}, {"quantity": 5.80, "ingredient_id": 2}, {"quantity": 6.90, "ingredient_id": 477}]'),
(44, 'Guns N'' Roses', '[{"quantity": 1.10, "ingredient_id": 223}, {"quantity": 7.40, "ingredient_id": 113}, {"quantity": 3.40, "ingredient_id": 175}]'),
(46, 'Tom Waits', '[{"quantity": 4.40, "ingredient_id": 222}, {"quantity": 6.60, "ingredient_id": 123}, {"quantity": 0.20, "ingredient_id": 68}, {"quantity": 4.40, "ingredient_id": 352}, {"quantity": 1.30, "ingredient_id": 180}, {"quantity": 5.20, "ingredient_id": 184}, {"quantity": 0.10, "ingredient_id": 144}, {"quantity": 6.00, "ingredient_id": 39}, {"quantity": 0.20, "ingredient_id": 382}, {"quantity": 2.20, "ingredient_id": 28}]'),
(47, 'Patti Smith', '[{"quantity": 7.10, "ingredient_id": 263}, {"quantity": 4.40, "ingredient_id": 352}, {"quantity": 0.80, "ingredient_id": 438}, {"quantity": 4.80, "ingredient_id": 459}, {"quantity": 0.40, "ingredient_id": 4}, {"quantity": 2.30, "ingredient_id": 203}, {"quantity": 7.50, "ingredient_id": 244}, {"quantity": 6.20, "ingredient_id": 385}]'),
(48, 'Nick Cave', '[{"quantity": 2.40, "ingredient_id": 322}, {"quantity": 3.50, "ingredient_id": 301}, {"quantity": 4.80, "ingredient_id": 150}, {"quantity": 6.40, "ingredient_id": 108}, {"quantity": 2.00, "ingredient_id": 219}, {"quantity": 3.40, "ingredient_id": 175}, {"quantity": 1.30, "ingredient_id": 476}, {"quantity": 8.30, "ingredient_id": 394}, {"quantity": 1.80, "ingredient_id": 230}]'),
(49, 'Alex Chilton', '[{"quantity": 3.50, "ingredient_id": 18}, {"quantity": 2.00, "ingredient_id": 115}, {"quantity": 3.90, "ingredient_id": 11}, {"quantity": 3.70, "ingredient_id": 170}]'),
(50, 'Eric Clapton', '[{"quantity": 3.80, "ingredient_id": 90}, {"quantity": 1.60, "ingredient_id": 328}, {"quantity": 2.80, "ingredient_id": 282}, {"quantity": 0.40, "ingredient_id": 4}, {"quantity": 6.40, "ingredient_id": 53}, {"quantity": 1.40, "ingredient_id": 78}, {"quantity": 0.10, "ingredient_id": 83}, {"quantity": 4.80, "ingredient_id": 430}, {"quantity": 2.60, "ingredient_id": 92}, {"quantity": 6.80, "ingredient_id": 228}, {"quantity": 8.30, "ingredient_id": 431}]'),
(51, 'George Michael', '[{"quantity": 2.50, "ingredient_id": 232}, {"quantity": 1.50, "ingredient_id": 461}, {"quantity": 6.40, "ingredient_id": 108}, {"quantity": 4.70, "ingredient_id": 94}, {"quantity": 2.20, "ingredient_id": 332}, {"quantity": 3.00, "ingredient_id": 334}, {"quantity": 3.90, "ingredient_id": 467}, {"quantity": 8.50, "ingredient_id": 333}, {"quantity": 3.70, "ingredient_id": 247}, {"quantity": 7.40, "ingredient_id": 429}]'),
(52, 'Primal Scream', '[{"quantity": 6.40, "ingredient_id": 383}, {"quantity": 6.70, "ingredient_id": 463}, {"quantity": 1.90, "ingredient_id": 198}, {"quantity": 8.00, "ingredient_id": 319}]'),
(53, 'Bruce Springsteen', '[{"quantity": 2.90, "ingredient_id": 178}, {"quantity": 1.10, "ingredient_id": 223}, {"quantity": 8.20, "ingredient_id": 423}, {"quantity": 5.40, "ingredient_id": 82}, {"quantity": 4.10, "ingredient_id": 409}, {"quantity": 7.90, "ingredient_id": 24}, {"quantity": 6.70, "ingredient_id": 139}, {"quantity": 3.60, "ingredient_id": 59}, {"quantity": 0.20, "ingredient_id": 265}, {"quantity": 2.00, "ingredient_id": 115}]'),
(54, 'Pete Townshend', '[{"quantity": 5.60, "ingredient_id": 131}, {"quantity": 0.20, "ingredient_id": 71}, {"quantity": 4.40, "ingredient_id": 460}, {"quantity": 5.90, "ingredient_id": 470}, {"quantity": 3.50, "ingredient_id": 18}, {"quantity": 4.20, "ingredient_id": 369}]'),
(55, 'Status Quo', '[{"quantity": 4.80, "ingredient_id": 389}, {"quantity": 7.50, "ingredient_id": 244}, {"quantity": 0.60, "ingredient_id": 396}, {"quantity": 6.80, "ingredient_id": 98}, {"quantity": 5.30, "ingredient_id": 283}, {"quantity": 4.50, "ingredient_id": 341}, {"quantity": 2.80, "ingredient_id": 133}, {"quantity": 7.10, "ingredient_id": 117}, {"quantity": 4.90, "ingredient_id": 297}]'),
(56, 'Roy Hargrove', '[{"quantity": 6.30, "ingredient_id": 95}, {"quantity": 5.00, "ingredient_id": 60}, {"quantity": 1.50, "ingredient_id": 461}]'),
(57, 'Tom Robinson', '[{"quantity": 6.70, "ingredient_id": 463}, {"quantity": 2.30, "ingredient_id": 41}, {"quantity": 6.30, "ingredient_id": 140}, {"quantity": 6.30, "ingredient_id": 218}, {"quantity": 7.20, "ingredient_id": 192}, {"quantity": 0.10, "ingredient_id": 195}, {"quantity": 3.90, "ingredient_id": 101}, {"quantity": 7.20, "ingredient_id": 446}, {"quantity": 2.00, "ingredient_id": 179}]'),
(58, 'Pearl Jam', '[{"quantity": 1.70, "ingredient_id": 43}, {"quantity": 5.40, "ingredient_id": 110}, {"quantity": 8.70, "ingredient_id": 321}, {"quantity": 0.30, "ingredient_id": 56}, {"quantity": 1.00, "ingredient_id": 399}, {"quantity": 5.20, "ingredient_id": 208}]'),
(59, 'Blinker The Star', '[{"quantity": 6.70, "ingredient_id": 361}, {"quantity": 5.20, "ingredient_id": 346}]'),
(122, 'The Beatles', '[{"quantity": 4.00, "ingredient_id": 38}, {"quantity": 0.40, "ingredient_id": 456}, {"quantity": 9.00, "ingredient_id": 284}, {"quantity": 4.90, "ingredient_id": 145}, {"quantity": 2.60, "ingredient_id": 61}, {"quantity": 2.30, "ingredient_id": 203}, {"quantity": 2.00, "ingredient_id": 172}]'),
(60, 'Program The Dead', '[{"quantity": 6.90, "ingredient_id": 149}, {"quantity": 8.20, "ingredient_id": 370}, {"quantity": 7.20, "ingredient_id": 446}, {"quantity": 5.90, "ingredient_id": 470}, {"quantity": 7.00, "ingredient_id": 214}, {"quantity": 0.40, "ingredient_id": 233}, {"quantity": 1.50, "ingredient_id": 461}, {"quantity": 8.00, "ingredient_id": 319}, {"quantity": 5.00, "ingredient_id": 255}]'),
(61, 'Chic', '[{"quantity": 5.50, "ingredient_id": 280}, {"quantity": 3.70, "ingredient_id": 247}]'),
(62, 'Beck', '[{"quantity": 2.40, "ingredient_id": 20}, {"quantity": 3.80, "ingredient_id": 468}]'),
(63, 'Rod Stewart', '[{"quantity": 8.80, "ingredient_id": 238}, {"quantity": 2.40, "ingredient_id": 444}, {"quantity": 8.30, "ingredient_id": 474}]'),
(64, 'Cortinas', '[{"quantity": 2.00, "ingredient_id": 221}, {"quantity": 6.50, "ingredient_id": 77}, {"quantity": 5.00, "ingredient_id": 436}, {"quantity": 7.90, "ingredient_id": 120}, {"quantity": 2.00, "ingredient_id": 172}, {"quantity": 5.30, "ingredient_id": 437}, {"quantity": 7.70, "ingredient_id": 455}]'),
(65, 'Leonard Cohen', '[{"quantity": 5.00, "ingredient_id": 60}, {"quantity": 2.60, "ingredient_id": 48}, {"quantity": 2.90, "ingredient_id": 206}, {"quantity": 6.90, "ingredient_id": 239}]'),
(66, 'Adam and the Ants', '[{"quantity": 4.40, "ingredient_id": 222}, {"quantity": 2.70, "ingredient_id": 472}, {"quantity": 6.60, "ingredient_id": 414}, {"quantity": 0.40, "ingredient_id": 6}, {"quantity": 4.20, "ingredient_id": 369}, {"quantity": 8.80, "ingredient_id": 167}, {"quantity": 0.60, "ingredient_id": 331}, {"quantity": 0.10, "ingredient_id": 83}, {"quantity": 7.40, "ingredient_id": 429}]'),
(67, 'Buzzcocks', '[{"quantity": 3.60, "ingredient_id": 59}, {"quantity": 1.40, "ingredient_id": 440}, {"quantity": 5.60, "ingredient_id": 426}, {"quantity": 4.30, "ingredient_id": 166}, {"quantity": 6.30, "ingredient_id": 95}, {"quantity": 1.60, "ingredient_id": 116}, {"quantity": 4.60, "ingredient_id": 256}]'),
(68, 'Lenny Kravitz', '[{"quantity": 5.40, "ingredient_id": 158}, {"quantity": 6.80, "ingredient_id": 228}]'),
(69, 'The La''s', '[{"quantity": 0.50, "ingredient_id": 141}, {"quantity": 4.00, "ingredient_id": 413}, {"quantity": 4.90, "ingredient_id": 384}, {"quantity": 3.60, "ingredient_id": 59}, {"quantity": 4.30, "ingredient_id": 212}, {"quantity": 6.70, "ingredient_id": 277}]'),
(70, 'Nirvana', '[{"quantity": 1.90, "ingredient_id": 147}, {"quantity": 6.90, "ingredient_id": 471}, {"quantity": 6.90, "ingredient_id": 37}]'),
(71, 'The Smiths', '[{"quantity": 5.20, "ingredient_id": 342}, {"quantity": 7.60, "ingredient_id": 125}, {"quantity": 3.40, "ingredient_id": 303}, {"quantity": 4.50, "ingredient_id": 240}, {"quantity": 4.10, "ingredient_id": 55}, {"quantity": 6.80, "ingredient_id": 347}, {"quantity": 0.00, "ingredient_id": 335}, {"quantity": 3.50, "ingredient_id": 18}, {"quantity": 7.40, "ingredient_id": 114}]'),
(72, 'Jimi Hendrix', '[{"quantity": 6.80, "ingredient_id": 347}, {"quantity": 2.00, "ingredient_id": 115}, {"quantity": 8.20, "ingredient_id": 449}, {"quantity": 5.80, "ingredient_id": 81}, {"quantity": 2.40, "ingredient_id": 322}, {"quantity": 4.30, "ingredient_id": 391}, {"quantity": 6.70, "ingredient_id": 139}, {"quantity": 4.20, "ingredient_id": 50}, {"quantity": 2.30, "ingredient_id": 442}, {"quantity": 5.90, "ingredient_id": 245}]'),
(73, 'Manic Street Preachers', '[{"quantity": 4.50, "ingredient_id": 129}, {"quantity": 5.30, "ingredient_id": 437}, {"quantity": 6.10, "ingredient_id": 318}, {"quantity": 6.90, "ingredient_id": 367}, {"quantity": 0.60, "ingredient_id": 396}]'),
(74, 'Muddy Waters', '[{"quantity": 0.50, "ingredient_id": 320}, {"quantity": 6.30, "ingredient_id": 95}, {"quantity": 1.20, "ingredient_id": 146}, {"quantity": 3.50, "ingredient_id": 72}, {"quantity": 0.90, "ingredient_id": 96}, {"quantity": 8.40, "ingredient_id": 452}]'),
(75, 'U2', '[{"quantity": 0.40, "ingredient_id": 4}, {"quantity": 2.80, "ingredient_id": 310}, {"quantity": 1.30, "ingredient_id": 476}, {"quantity": 4.20, "ingredient_id": 369}, {"quantity": 4.50, "ingredient_id": 87}, {"quantity": 4.90, "ingredient_id": 100}, {"quantity": 3.20, "ingredient_id": 465}, {"quantity": 1.90, "ingredient_id": 198}]'),
(76, 'Phil Collins', '[{"quantity": 6.70, "ingredient_id": 361}, {"quantity": 3.60, "ingredient_id": 182}, {"quantity": 1.90, "ingredient_id": 211}, {"quantity": 7.40, "ingredient_id": 338}, {"quantity": 8.10, "ingredient_id": 109}, {"quantity": 7.30, "ingredient_id": 31}, {"quantity": 1.30, "ingredient_id": 476}, {"quantity": 0.00, "ingredient_id": 47}, {"quantity": 5.80, "ingredient_id": 122}]'),
(123, 'The', '[{"quantity": 2.40, "ingredient_id": 299}, {"quantity": 6.10, "ingredient_id": 420}, {"quantity": 3.40, "ingredient_id": 46}]'),
(78, 'Keith Richards', '[{"quantity": 8.80, "ingredient_id": 443}, {"quantity": 1.20, "ingredient_id": 350}, {"quantity": 1.40, "ingredient_id": 453}, {"quantity": 4.00, "ingredient_id": 292}, {"quantity": 8.10, "ingredient_id": 311}, {"quantity": 0.20, "ingredient_id": 377}, {"quantity": 3.00, "ingredient_id": 334}, {"quantity": 2.80, "ingredient_id": 133}, {"quantity": 8.20, "ingredient_id": 370}]'),
(79, 'John Coltrane', '[{"quantity": 6.10, "ingredient_id": 286}, {"quantity": 8.50, "ingredient_id": 349}, {"quantity": 0.10, "ingredient_id": 144}, {"quantity": 0.10, "ingredient_id": 298}, {"quantity": 5.80, "ingredient_id": 9}]'),
(80, 'The Libertines', '[{"quantity": 8.10, "ingredient_id": 434}, {"quantity": 5.70, "ingredient_id": 261}, {"quantity": 3.00, "ingredient_id": 334}, {"quantity": 6.70, "ingredient_id": 277}, {"quantity": 0.00, "ingredient_id": 335}]'),
(81, 'Nigel Kennedy', '[{"quantity": 5.30, "ingredient_id": 276}, {"quantity": 2.60, "ingredient_id": 61}, {"quantity": 5.10, "ingredient_id": 121}, {"quantity": 4.00, "ingredient_id": 413}, {"quantity": 4.80, "ingredient_id": 389}, {"quantity": 4.00, "ingredient_id": 38}, {"quantity": 6.70, "ingredient_id": 62}, {"quantity": 8.80, "ingredient_id": 209}, {"quantity": 7.30, "ingredient_id": 31}]'),
(82, 'Afrika Bambaataa', '[{"quantity": 4.40, "ingredient_id": 393}, {"quantity": 8.80, "ingredient_id": 273}, {"quantity": 4.40, "ingredient_id": 460}, {"quantity": 5.00, "ingredient_id": 60}, {"quantity": 4.30, "ingredient_id": 166}, {"quantity": 5.10, "ingredient_id": 121}, {"quantity": 5.00, "ingredient_id": 204}, {"quantity": 0.10, "ingredient_id": 298}, {"quantity": 1.00, "ingredient_id": 278}, {"quantity": 5.60, "ingredient_id": 131}, {"quantity": 4.10, "ingredient_id": 409}]'),
(83, 'Sonic Youth', '[{"quantity": 5.90, "ingredient_id": 169}, {"quantity": 3.00, "ingredient_id": 264}, {"quantity": 0.50, "ingredient_id": 259}, {"quantity": 7.10, "ingredient_id": 117}, {"quantity": 7.00, "ingredient_id": 357}, {"quantity": 5.20, "ingredient_id": 342}, {"quantity": 5.30, "ingredient_id": 437}, {"quantity": 0.30, "ingredient_id": 378}, {"quantity": 5.60, "ingredient_id": 131}]'),
(84, 'Pulp', '[{"quantity": 8.80, "ingredient_id": 185}, {"quantity": 0.40, "ingredient_id": 253}, {"quantity": 3.80, "ingredient_id": 289}]'),
(85, 'Queen', '[{"quantity": 3.20, "ingredient_id": 337}, {"quantity": 1.80, "ingredient_id": 51}, {"quantity": 6.90, "ingredient_id": 372}, {"quantity": 1.70, "ingredient_id": 43}, {"quantity": 5.80, "ingredient_id": 9}, {"quantity": 4.80, "ingredient_id": 368}, {"quantity": 6.10, "ingredient_id": 404}, {"quantity": 2.90, "ingredient_id": 178}, {"quantity": 0.20, "ingredient_id": 68}, {"quantity": 2.10, "ingredient_id": 12}]'),
(86, 'The Undertones', '[{"quantity": 5.00, "ingredient_id": 436}, {"quantity": 7.20, "ingredient_id": 192}, {"quantity": 0.80, "ingredient_id": 159}, {"quantity": 0.40, "ingredient_id": 233}, {"quantity": 0.40, "ingredient_id": 336}, {"quantity": 6.80, "ingredient_id": 228}, {"quantity": 2.80, "ingredient_id": 432}, {"quantity": 6.70, "ingredient_id": 463}, {"quantity": 6.10, "ingredient_id": 318}]'),
(87, 'Miles Davis', '[{"quantity": 8.80, "ingredient_id": 209}, {"quantity": 2.80, "ingredient_id": 202}]'),
(88, 'Joy Division', '[{"quantity": 1.30, "ingredient_id": 339}, {"quantity": 6.40, "ingredient_id": 383}, {"quantity": 4.10, "ingredient_id": 55}, {"quantity": 5.30, "ingredient_id": 428}]'),
(89, 'Al Foster', '[{"quantity": 0.70, "ingredient_id": 127}, {"quantity": 3.40, "ingredient_id": 303}, {"quantity": 4.50, "ingredient_id": 156}, {"quantity": 0.40, "ingredient_id": 4}, {"quantity": 3.10, "ingredient_id": 13}, {"quantity": 6.70, "ingredient_id": 277}, {"quantity": 4.00, "ingredient_id": 306}, {"quantity": 2.70, "ingredient_id": 32}, {"quantity": 2.00, "ingredient_id": 179}]'),
(90, 'Coldplay', '[{"quantity": 5.60, "ingredient_id": 426}, {"quantity": 5.70, "ingredient_id": 261}, {"quantity": 1.00, "ingredient_id": 49}, {"quantity": 4.80, "ingredient_id": 459}, {"quantity": 8.00, "ingredient_id": 319}, {"quantity": 4.30, "ingredient_id": 212}, {"quantity": 7.00, "ingredient_id": 118}]'),
(91, 'The Birthday Party', '[{"quantity": 5.30, "ingredient_id": 30}, {"quantity": 7.20, "ingredient_id": 252}, {"quantity": 4.40, "ingredient_id": 460}, {"quantity": 3.30, "ingredient_id": 40}]'),
(92, 'Paramore', '[{"quantity": 2.70, "ingredient_id": 472}, {"quantity": 4.50, "ingredient_id": 156}, {"quantity": 6.30, "ingredient_id": 140}, {"quantity": 1.20, "ingredient_id": 351}, {"quantity": 2.60, "ingredient_id": 48}]'),
(141, 'The Cramps', '[{"quantity": 0.40, "ingredient_id": 80}, {"quantity": 6.00, "ingredient_id": 102}, {"quantity": 5.20, "ingredient_id": 346}]'),
(142, 'Rufus Wainwright', '[{"quantity": 5.00, "ingredient_id": 204}, {"quantity": 6.00, "ingredient_id": 39}]'),
(93, 'Deepest Blue', '[{"quantity": 4.40, "ingredient_id": 460}, {"quantity": 6.00, "ingredient_id": 462}, {"quantity": 4.90, "ingredient_id": 260}, {"quantity": 4.10, "ingredient_id": 290}, {"quantity": 7.90, "ingredient_id": 24}, {"quantity": 7.00, "ingredient_id": 118}, {"quantity": 8.20, "ingredient_id": 370}, {"quantity": 5.90, "ingredient_id": 89}, {"quantity": 6.60, "ingredient_id": 123}]'),
(94, 'Foo Fighters', '[{"quantity": 6.50, "ingredient_id": 77}, {"quantity": 0.50, "ingredient_id": 320}, {"quantity": 5.80, "ingredient_id": 73}, {"quantity": 4.30, "ingredient_id": 391}, {"quantity": 2.70, "ingredient_id": 267}, {"quantity": 8.10, "ingredient_id": 345}, {"quantity": 8.30, "ingredient_id": 431}, {"quantity": 7.00, "ingredient_id": 357}, {"quantity": 5.20, "ingredient_id": 194}, {"quantity": 2.20, "ingredient_id": 332}, {"quantity": 0.10, "ingredient_id": 427}]'),
(95, 'Fats Domino', '[{"quantity": 4.30, "ingredient_id": 191}, {"quantity": 5.80, "ingredient_id": 421}, {"quantity": 4.50, "ingredient_id": 229}, {"quantity": 3.20, "ingredient_id": 458}, {"quantity": 0.10, "ingredient_id": 344}]'),
(96, 'K.D Lang', '[{"quantity": 4.20, "ingredient_id": 457}, {"quantity": 2.20, "ingredient_id": 332}, {"quantity": 6.80, "ingredient_id": 272}, {"quantity": 2.50, "ingredient_id": 232}, {"quantity": 4.50, "ingredient_id": 129}, {"quantity": 5.70, "ingredient_id": 418}, {"quantity": 3.00, "ingredient_id": 130}]'),
(97, 'New Order', '[{"quantity": 8.00, "ingredient_id": 319}, {"quantity": 5.50, "ingredient_id": 33}, {"quantity": 0.40, "ingredient_id": 80}]'),
(98, 'Rory Gallagher', '[{"quantity": 5.20, "ingredient_id": 403}, {"quantity": 4.00, "ingredient_id": 38}, {"quantity": 2.30, "ingredient_id": 442}, {"quantity": 1.30, "ingredient_id": 425}, {"quantity": 0.50, "ingredient_id": 412}, {"quantity": 0.30, "ingredient_id": 324}, {"quantity": 1.90, "ingredient_id": 450}]'),
(99, 'Annie Lennox', '[{"quantity": 7.50, "ingredient_id": 181}, {"quantity": 7.40, "ingredient_id": 114}, {"quantity": 3.90, "ingredient_id": 312}, {"quantity": 6.20, "ingredient_id": 197}, {"quantity": 2.30, "ingredient_id": 308}, {"quantity": 2.90, "ingredient_id": 178}, {"quantity": 6.40, "ingredient_id": 246}, {"quantity": 5.50, "ingredient_id": 447}]'),
(100, 'Blur', '[{"quantity": 1.50, "ingredient_id": 281}, {"quantity": 8.90, "ingredient_id": 380}, {"quantity": 3.20, "ingredient_id": 465}, {"quantity": 6.90, "ingredient_id": 471}, {"quantity": 0.40, "ingredient_id": 66}, {"quantity": 1.40, "ingredient_id": 395}, {"quantity": 5.40, "ingredient_id": 82}, {"quantity": 8.00, "ingredient_id": 266}, {"quantity": 4.90, "ingredient_id": 234}, {"quantity": 8.10, "ingredient_id": 311}, {"quantity": 3.90, "ingredient_id": 11}]'),
(101, 'The Rolling Stones', '[{"quantity": 2.50, "ingredient_id": 359}, {"quantity": 4.90, "ingredient_id": 384}, {"quantity": 5.90, "ingredient_id": 183}, {"quantity": 7.90, "ingredient_id": 137}]'),
(102, 'Green Day', '[{"quantity": 7.80, "ingredient_id": 464}, {"quantity": 8.70, "ingredient_id": 186}, {"quantity": 2.90, "ingredient_id": 178}, {"quantity": 5.30, "ingredient_id": 437}, {"quantity": 0.40, "ingredient_id": 233}, {"quantity": 6.00, "ingredient_id": 102}, {"quantity": 6.30, "ingredient_id": 86}, {"quantity": 7.50, "ingredient_id": 85}, {"quantity": 1.50, "ingredient_id": 317}, {"quantity": 5.90, "ingredient_id": 169}, {"quantity": 4.80, "ingredient_id": 430}]'),
(103, 'The Yardbirds', '[{"quantity": 2.80, "ingredient_id": 326}, {"quantity": 3.50, "ingredient_id": 72}, {"quantity": 0.50, "ingredient_id": 412}, {"quantity": 1.10, "ingredient_id": 54}, {"quantity": 0.40, "ingredient_id": 80}, {"quantity": 3.20, "ingredient_id": 337}]'),
(104, 'O.A.R.', '[{"quantity": 1.30, "ingredient_id": 200}, {"quantity": 5.00, "ingredient_id": 226}]'),
(105, 'Elton John', '[{"quantity": 1.70, "ingredient_id": 379}, {"quantity": 2.40, "ingredient_id": 227}, {"quantity": 2.80, "ingredient_id": 282}, {"quantity": 5.20, "ingredient_id": 208}, {"quantity": 3.70, "ingredient_id": 199}, {"quantity": 1.90, "ingredient_id": 450}, {"quantity": 6.80, "ingredient_id": 228}]'),
(106, 'Frank Sinatra', '[{"quantity": 2.60, "ingredient_id": 329}, {"quantity": 8.80, "ingredient_id": 354}, {"quantity": 2.90, "ingredient_id": 178}, {"quantity": 6.70, "ingredient_id": 189}, {"quantity": 0.10, "ingredient_id": 344}, {"quantity": 1.30, "ingredient_id": 200}]'),
(107, 'Bob Marley (and the Wailers)', '[{"quantity": 5.10, "ingredient_id": 121}, {"quantity": 2.70, "ingredient_id": 405}, {"quantity": 4.90, "ingredient_id": 234}, {"quantity": 6.20, "ingredient_id": 138}, {"quantity": 0.40, "ingredient_id": 6}, {"quantity": 2.30, "ingredient_id": 362}, {"quantity": 6.40, "ingredient_id": 246}]'),
(174, 'Neil Young', '[{"quantity": 2.80, "ingredient_id": 282}, {"quantity": 2.30, "ingredient_id": 203}]'),
(108, 'Maroon 5', '[{"quantity": 4.00, "ingredient_id": 413}, {"quantity": 6.30, "ingredient_id": 25}, {"quantity": 6.40, "ingredient_id": 53}, {"quantity": 7.40, "ingredient_id": 338}, {"quantity": 7.80, "ingredient_id": 464}, {"quantity": 4.80, "ingredient_id": 459}, {"quantity": 8.80, "ingredient_id": 167}, {"quantity": 6.40, "ingredient_id": 108}]'),
(109, 'Herbie Hancock', '[{"quantity": 2.40, "ingredient_id": 325}, {"quantity": 6.90, "ingredient_id": 291}, {"quantity": 5.90, "ingredient_id": 183}, {"quantity": 7.30, "ingredient_id": 31}, {"quantity": 8.00, "ingredient_id": 319}, {"quantity": 3.60, "ingredient_id": 402}, {"quantity": 0.30, "ingredient_id": 324}, {"quantity": 0.90, "ingredient_id": 96}, {"quantity": 1.50, "ingredient_id": 461}, {"quantity": 0.20, "ingredient_id": 265}]'),
(110, 'Paul Weller', '[{"quantity": 1.70, "ingredient_id": 309}, {"quantity": 0.40, "ingredient_id": 6}, {"quantity": 8.00, "ingredient_id": 266}, {"quantity": 0.70, "ingredient_id": 128}, {"quantity": 2.50, "ingredient_id": 35}, {"quantity": 4.00, "ingredient_id": 413}, {"quantity": 6.50, "ingredient_id": 77}, {"quantity": 6.90, "ingredient_id": 471}, {"quantity": 2.80, "ingredient_id": 133}, {"quantity": 6.20, "ingredient_id": 385}, {"quantity": 7.50, "ingredient_id": 181}]'),
(111, 'Rick Wright', '[{"quantity": 4.80, "ingredient_id": 389}, {"quantity": 8.90, "ingredient_id": 380}, {"quantity": 8.20, "ingredient_id": 271}, {"quantity": 4.20, "ingredient_id": 457}, {"quantity": 6.10, "ingredient_id": 451}, {"quantity": 6.30, "ingredient_id": 95}, {"quantity": 1.70, "ingredient_id": 379}, {"quantity": 0.30, "ingredient_id": 415}, {"quantity": 4.60, "ingredient_id": 256}, {"quantity": 8.30, "ingredient_id": 474}, {"quantity": 2.80, "ingredient_id": 310}]'),
(112, 'Ian Dury', '[{"quantity": 1.60, "ingredient_id": 302}, {"quantity": 0.40, "ingredient_id": 142}, {"quantity": 6.00, "ingredient_id": 102}, {"quantity": 4.90, "ingredient_id": 293}, {"quantity": 6.30, "ingredient_id": 10}, {"quantity": 6.10, "ingredient_id": 177}, {"quantity": 8.20, "ingredient_id": 271}, {"quantity": 4.40, "ingredient_id": 358}, {"quantity": 2.80, "ingredient_id": 326}, {"quantity": 6.10, "ingredient_id": 76}]'),
(113, 'Pink Floyd', '[{"quantity": 0.00, "ingredient_id": 201}, {"quantity": 2.70, "ingredient_id": 472}, {"quantity": 1.10, "ingredient_id": 54}, {"quantity": 6.90, "ingredient_id": 149}, {"quantity": 4.80, "ingredient_id": 104}, {"quantity": 1.70, "ingredient_id": 309}, {"quantity": 3.60, "ingredient_id": 402}, {"quantity": 2.00, "ingredient_id": 221}, {"quantity": 5.40, "ingredient_id": 355}, {"quantity": 5.90, "ingredient_id": 19}]'),
(114, 'Liam Gallagher', '[{"quantity": 5.30, "ingredient_id": 276}, {"quantity": 4.00, "ingredient_id": 36}]'),
(115, 'The Specials', '[{"quantity": 4.70, "ingredient_id": 225}, {"quantity": 0.20, "ingredient_id": 382}, {"quantity": 2.20, "ingredient_id": 217}, {"quantity": 8.10, "ingredient_id": 193}, {"quantity": 4.10, "ingredient_id": 136}, {"quantity": 2.50, "ingredient_id": 397}, {"quantity": 5.00, "ingredient_id": 398}, {"quantity": 4.90, "ingredient_id": 100}, {"quantity": 7.20, "ingredient_id": 314}, {"quantity": 7.80, "ingredient_id": 374}, {"quantity": 8.00, "ingredient_id": 213}]'),
(116, 'Madness', '[{"quantity": 5.50, "ingredient_id": 27}, {"quantity": 7.60, "ingredient_id": 242}]'),
(117, 'Syd Barrett', '[{"quantity": 7.20, "ingredient_id": 360}, {"quantity": 1.90, "ingredient_id": 211}, {"quantity": 6.00, "ingredient_id": 102}, {"quantity": 7.30, "ingredient_id": 353}, {"quantity": 8.00, "ingredient_id": 469}, {"quantity": 1.70, "ingredient_id": 356}, {"quantity": 5.80, "ingredient_id": 81}, {"quantity": 1.60, "ingredient_id": 116}, {"quantity": 0.10, "ingredient_id": 195}, {"quantity": 2.00, "ingredient_id": 172}, {"quantity": 0.20, "ingredient_id": 69}]'),
(118, 'Simply Red', '[{"quantity": 6.50, "ingredient_id": 250}, {"quantity": 8.40, "ingredient_id": 452}]'),
(119, 'Bjrk', '[{"quantity": 3.30, "ingredient_id": 40}, {"quantity": 7.90, "ingredient_id": 445}, {"quantity": 8.00, "ingredient_id": 469}]'),
(120, 'The Clash', '[{"quantity": 2.80, "ingredient_id": 133}, {"quantity": 5.30, "ingredient_id": 439}, {"quantity": 0.00, "ingredient_id": 335}, {"quantity": 0.20, "ingredient_id": 71}, {"quantity": 2.70, "ingredient_id": 161}, {"quantity": 3.60, "ingredient_id": 402}, {"quantity": 3.50, "ingredient_id": 301}, {"quantity": 5.40, "ingredient_id": 355}, {"quantity": 0.10, "ingredient_id": 298}, {"quantity": 0.20, "ingredient_id": 265}, {"quantity": 6.70, "ingredient_id": 361}]'),
(121, 'The Slits', '[{"quantity": 8.60, "ingredient_id": 236}, {"quantity": 1.80, "ingredient_id": 51}, {"quantity": 8.80, "ingredient_id": 185}, {"quantity": 7.40, "ingredient_id": 64}, {"quantity": 0.30, "ingredient_id": 190}, {"quantity": 4.30, "ingredient_id": 166}, {"quantity": 6.40, "ingredient_id": 246}]'),
(124, 'Roxy Music', '[{"quantity": 2.30, "ingredient_id": 203}, {"quantity": 1.30, "ingredient_id": 476}, {"quantity": 5.90, "ingredient_id": 470}, {"quantity": 1.60, "ingredient_id": 57}, {"quantity": 3.90, "ingredient_id": 135}, {"quantity": 8.70, "ingredient_id": 186}, {"quantity": 6.50, "ingredient_id": 26}, {"quantity": 3.00, "ingredient_id": 262}, {"quantity": 4.80, "ingredient_id": 430}]'),
(125, 'Hugh Masekela', '[{"quantity": 0.60, "ingredient_id": 396}, {"quantity": 2.40, "ingredient_id": 322}, {"quantity": 0.70, "ingredient_id": 375}]'),
(126, 'Keith Moon', '[{"quantity": 8.50, "ingredient_id": 333}, {"quantity": 8.80, "ingredient_id": 185}, {"quantity": 7.70, "ingredient_id": 455}, {"quantity": 4.80, "ingredient_id": 215}, {"quantity": 8.30, "ingredient_id": 406}, {"quantity": 0.40, "ingredient_id": 253}, {"quantity": 2.40, "ingredient_id": 444}, {"quantity": 7.20, "ingredient_id": 192}, {"quantity": 6.00, "ingredient_id": 173}, {"quantity": 4.90, "ingredient_id": 297}]'),
(127, 'Kate Bush', '[{"quantity": 5.60, "ingredient_id": 249}, {"quantity": 3.50, "ingredient_id": 52}, {"quantity": 8.10, "ingredient_id": 279}]'),
(128, 'The Cranberries', '[{"quantity": 4.80, "ingredient_id": 430}, {"quantity": 3.80, "ingredient_id": 468}, {"quantity": 3.60, "ingredient_id": 402}, {"quantity": 3.90, "ingredient_id": 101}, {"quantity": 8.80, "ingredient_id": 354}, {"quantity": 6.90, "ingredient_id": 448}, {"quantity": 2.50, "ingredient_id": 232}, {"quantity": 3.40, "ingredient_id": 46}, {"quantity": 3.50, "ingredient_id": 58}]'),
(129, 'Cream', '[{"quantity": 8.00, "ingredient_id": 319}, {"quantity": 6.70, "ingredient_id": 277}, {"quantity": 0.40, "ingredient_id": 456}]'),
(130, 'Madonna', '[{"quantity": 8.50, "ingredient_id": 275}, {"quantity": 4.50, "ingredient_id": 87}, {"quantity": 2.70, "ingredient_id": 405}, {"quantity": 4.50, "ingredient_id": 240}, {"quantity": 5.30, "ingredient_id": 437}, {"quantity": 7.20, "ingredient_id": 17}]'),
(131, 'Bauhaus', '[{"quantity": 6.90, "ingredient_id": 291}, {"quantity": 4.40, "ingredient_id": 352}, {"quantity": 1.60, "ingredient_id": 116}, {"quantity": 2.70, "ingredient_id": 405}]'),
(132, 'Van Morrison', '[{"quantity": 8.40, "ingredient_id": 416}, {"quantity": 5.50, "ingredient_id": 99}, {"quantity": 7.20, "ingredient_id": 17}, {"quantity": 5.50, "ingredient_id": 231}, {"quantity": 4.50, "ingredient_id": 129}]'),
(133, 'R.E.M.', '[{"quantity": 4.60, "ingredient_id": 160}, {"quantity": 2.00, "ingredient_id": 172}, {"quantity": 3.90, "ingredient_id": 101}, {"quantity": 8.90, "ingredient_id": 380}, {"quantity": 1.30, "ingredient_id": 425}, {"quantity": 4.50, "ingredient_id": 341}, {"quantity": 0.30, "ingredient_id": 190}, {"quantity": 1.20, "ingredient_id": 401}, {"quantity": 4.90, "ingredient_id": 100}, {"quantity": 8.20, "ingredient_id": 449}]'),
(134, 'Ed Sheeran', '[{"quantity": 4.90, "ingredient_id": 293}, {"quantity": 2.70, "ingredient_id": 472}, {"quantity": 3.20, "ingredient_id": 465}, {"quantity": 1.70, "ingredient_id": 435}, {"quantity": 7.50, "ingredient_id": 296}, {"quantity": 8.20, "ingredient_id": 449}, {"quantity": 5.10, "ingredient_id": 466}]'),
(135, 'Cat Anderson', '[{"quantity": 4.70, "ingredient_id": 45}, {"quantity": 3.10, "ingredient_id": 13}, {"quantity": 5.10, "ingredient_id": 70}, {"quantity": 1.40, "ingredient_id": 285}, {"quantity": 1.00, "ingredient_id": 49}, {"quantity": 6.70, "ingredient_id": 361}]'),
(136, 'The Pretenders', '[{"quantity": 5.90, "ingredient_id": 169}, {"quantity": 5.30, "ingredient_id": 30}, {"quantity": 4.80, "ingredient_id": 215}, {"quantity": 8.80, "ingredient_id": 238}, {"quantity": 4.10, "ingredient_id": 136}, {"quantity": 2.00, "ingredient_id": 134}, {"quantity": 7.10, "ingredient_id": 117}, {"quantity": 1.90, "ingredient_id": 147}]'),
(137, 'Stone Roses', '[{"quantity": 2.30, "ingredient_id": 74}, {"quantity": 0.30, "ingredient_id": 378}, {"quantity": 6.70, "ingredient_id": 361}, {"quantity": 7.70, "ingredient_id": 235}, {"quantity": 5.80, "ingredient_id": 73}, {"quantity": 0.70, "ingredient_id": 128}, {"quantity": 7.50, "ingredient_id": 307}]'),
(138, 'Michael Jackson', '[{"quantity": 4.40, "ingredient_id": 352}, {"quantity": 8.60, "ingredient_id": 236}, {"quantity": 8.80, "ingredient_id": 167}, {"quantity": 0.00, "ingredient_id": 373}, {"quantity": 3.60, "ingredient_id": 182}]'),
(139, 'Marc Bolan', '[{"quantity": 2.60, "ingredient_id": 343}, {"quantity": 4.70, "ingredient_id": 94}, {"quantity": 4.40, "ingredient_id": 23}, {"quantity": 6.50, "ingredient_id": 26}, {"quantity": 5.50, "ingredient_id": 79}, {"quantity": 2.20, "ingredient_id": 332}, {"quantity": 6.10, "ingredient_id": 76}]'),
(140, 'Amy Winehouse', '[{"quantity": 6.70, "ingredient_id": 463}, {"quantity": 0.40, "ingredient_id": 66}, {"quantity": 6.00, "ingredient_id": 268}]'),
(143, 'Noel Gallagher', '[{"quantity": 5.10, "ingredient_id": 70}, {"quantity": 0.10, "ingredient_id": 478}, {"quantity": 5.20, "ingredient_id": 184}, {"quantity": 3.60, "ingredient_id": 323}, {"quantity": 5.00, "ingredient_id": 480}, {"quantity": 8.10, "ingredient_id": 193}]'),
(144, 'Devo', '[{"quantity": 5.30, "ingredient_id": 30}, {"quantity": 0.00, "ingredient_id": 148}, {"quantity": 7.50, "ingredient_id": 244}, {"quantity": 7.00, "ingredient_id": 118}, {"quantity": 8.40, "ingredient_id": 452}, {"quantity": 5.80, "ingredient_id": 73}, {"quantity": 3.50, "ingredient_id": 52}, {"quantity": 2.90, "ingredient_id": 178}]'),
(145, 'Morrissey', '[{"quantity": 5.80, "ingredient_id": 9}, {"quantity": 4.70, "ingredient_id": 94}, {"quantity": 0.10, "ingredient_id": 478}, {"quantity": 3.50, "ingredient_id": 58}, {"quantity": 4.20, "ingredient_id": 50}, {"quantity": 4.90, "ingredient_id": 234}, {"quantity": 1.30, "ingredient_id": 388}, {"quantity": 6.40, "ingredient_id": 246}, {"quantity": 3.80, "ingredient_id": 289}, {"quantity": 2.90, "ingredient_id": 206}]'),
(146, 'Dr Feelgood', '[{"quantity": 8.90, "ingredient_id": 363}, {"quantity": 2.70, "ingredient_id": 63}, {"quantity": 7.70, "ingredient_id": 235}, {"quantity": 0.30, "ingredient_id": 415}, {"quantity": 8.30, "ingredient_id": 216}, {"quantity": 5.10, "ingredient_id": 270}, {"quantity": 3.40, "ingredient_id": 46}, {"quantity": 0.30, "ingredient_id": 324}, {"quantity": 8.30, "ingredient_id": 406}, {"quantity": 8.10, "ingredient_id": 5}, {"quantity": 8.10, "ingredient_id": 311}]'),
(147, 'Cat Stevens', '[{"quantity": 0.70, "ingredient_id": 127}, {"quantity": 5.80, "ingredient_id": 241}, {"quantity": 8.50, "ingredient_id": 349}, {"quantity": 1.90, "ingredient_id": 198}, {"quantity": 0.70, "ingredient_id": 157}, {"quantity": 0.10, "ingredient_id": 144}]'),
(148, 'The Cure', '[{"quantity": 1.70, "ingredient_id": 309}, {"quantity": 2.60, "ingredient_id": 343}]'),
(149, 'David Gilmour', '[{"quantity": 0.10, "ingredient_id": 111}, {"quantity": 6.90, "ingredient_id": 392}, {"quantity": 4.00, "ingredient_id": 36}, {"quantity": 4.50, "ingredient_id": 341}, {"quantity": 2.60, "ingredient_id": 343}, {"quantity": 4.80, "ingredient_id": 430}, {"quantity": 8.10, "ingredient_id": 109}, {"quantity": 6.40, "ingredient_id": 383}]'),
(150, 'Nina Simone', '[{"quantity": 6.20, "ingredient_id": 385}, {"quantity": 2.50, "ingredient_id": 162}, {"quantity": 0.40, "ingredient_id": 253}, {"quantity": 4.80, "ingredient_id": 104}, {"quantity": 2.50, "ingredient_id": 232}, {"quantity": 3.50, "ingredient_id": 58}, {"quantity": 8.50, "ingredient_id": 275}]'),
(151, 'Flaming Lips', '[{"quantity": 8.30, "ingredient_id": 431}, {"quantity": 1.30, "ingredient_id": 479}, {"quantity": 2.10, "ingredient_id": 12}]'),
(152, 'B.B. King', '[{"quantity": 1.40, "ingredient_id": 440}, {"quantity": 4.40, "ingredient_id": 352}, {"quantity": 7.50, "ingredient_id": 296}, {"quantity": 3.60, "ingredient_id": 411}, {"quantity": 2.20, "ingredient_id": 332}, {"quantity": 5.00, "ingredient_id": 436}, {"quantity": 4.00, "ingredient_id": 16}, {"quantity": 0.40, "ingredient_id": 80}, {"quantity": 4.30, "ingredient_id": 191}]'),
(153, 'Frank Zappa', '[{"quantity": 2.50, "ingredient_id": 397}, {"quantity": 4.30, "ingredient_id": 166}, {"quantity": 7.40, "ingredient_id": 164}, {"quantity": 7.60, "ingredient_id": 242}, {"quantity": 7.80, "ingredient_id": 464}, {"quantity": 4.80, "ingredient_id": 459}]'),
(154, 'Oasis', '[{"quantity": 3.20, "ingredient_id": 337}, {"quantity": 3.40, "ingredient_id": 303}, {"quantity": 0.00, "ingredient_id": 335}, {"quantity": 4.90, "ingredient_id": 234}, {"quantity": 4.90, "ingredient_id": 260}, {"quantity": 8.50, "ingredient_id": 275}, {"quantity": 3.50, "ingredient_id": 52}, {"quantity": 2.80, "ingredient_id": 432}, {"quantity": 7.40, "ingredient_id": 1}]'),
(155, 'The Mars Volta', '[{"quantity": 4.40, "ingredient_id": 330}, {"quantity": 3.90, "ingredient_id": 135}, {"quantity": 1.10, "ingredient_id": 223}, {"quantity": 7.80, "ingredient_id": 374}, {"quantity": 7.80, "ingredient_id": 315}, {"quantity": 6.90, "ingredient_id": 448}, {"quantity": 5.60, "ingredient_id": 249}, {"quantity": 2.00, "ingredient_id": 134}, {"quantity": 8.80, "ingredient_id": 209}]'),
(156, 'PJ Harvey', '[{"quantity": 5.40, "ingredient_id": 355}, {"quantity": 6.80, "ingredient_id": 228}, {"quantity": 1.30, "ingredient_id": 388}, {"quantity": 7.10, "ingredient_id": 117}, {"quantity": 2.50, "ingredient_id": 359}, {"quantity": 6.10, "ingredient_id": 451}, {"quantity": 6.60, "ingredient_id": 123}, {"quantity": 6.70, "ingredient_id": 463}]'),
(157, 'Florence and the Machine', '[{"quantity": 5.20, "ingredient_id": 194}, {"quantity": 1.50, "ingredient_id": 243}, {"quantity": 0.60, "ingredient_id": 295}, {"quantity": 6.60, "ingredient_id": 123}, {"quantity": 2.90, "ingredient_id": 206}]'),
(158, 'Kiss', '[{"quantity": 3.80, "ingredient_id": 7}, {"quantity": 2.70, "ingredient_id": 390}, {"quantity": 1.20, "ingredient_id": 401}, {"quantity": 7.50, "ingredient_id": 296}, {"quantity": 0.50, "ingredient_id": 412}, {"quantity": 0.10, "ingredient_id": 427}, {"quantity": 6.70, "ingredient_id": 463}]'),
(159, 'Cootie Williams', '[{"quantity": 1.20, "ingredient_id": 146}, {"quantity": 4.10, "ingredient_id": 274}, {"quantity": 2.30, "ingredient_id": 74}, {"quantity": 2.50, "ingredient_id": 152}, {"quantity": 4.80, "ingredient_id": 459}, {"quantity": 5.10, "ingredient_id": 466}, {"quantity": 4.80, "ingredient_id": 368}, {"quantity": 7.80, "ingredient_id": 315}]'),
(160, 'Joni Mitchell', '[{"quantity": 0.30, "ingredient_id": 415}, {"quantity": 0.50, "ingredient_id": 320}, {"quantity": 3.00, "ingredient_id": 262}, {"quantity": 2.70, "ingredient_id": 267}, {"quantity": 6.90, "ingredient_id": 372}, {"quantity": 4.40, "ingredient_id": 222}, {"quantity": 1.00, "ingredient_id": 163}, {"quantity": 8.10, "ingredient_id": 279}, {"quantity": 5.60, "ingredient_id": 426}]'),
(161, 'Mumford and Sons', '[{"quantity": 5.30, "ingredient_id": 283}, {"quantity": 5.50, "ingredient_id": 280}, {"quantity": 5.40, "ingredient_id": 176}]'),
(162, 'The Police', '[{"quantity": 2.70, "ingredient_id": 390}, {"quantity": 8.20, "ingredient_id": 422}, {"quantity": 3.60, "ingredient_id": 269}, {"quantity": 7.50, "ingredient_id": 181}, {"quantity": 5.00, "ingredient_id": 204}]'),
(163, 'Bob Dylan', '[{"quantity": 6.10, "ingredient_id": 286}, {"quantity": 7.40, "ingredient_id": 210}, {"quantity": 4.50, "ingredient_id": 93}, {"quantity": 1.50, "ingredient_id": 243}, {"quantity": 1.40, "ingredient_id": 395}, {"quantity": 0.10, "ingredient_id": 298}, {"quantity": 1.90, "ingredient_id": 248}, {"quantity": 5.10, "ingredient_id": 270}, {"quantity": 6.00, "ingredient_id": 39}, {"quantity": 0.60, "ingredient_id": 126}]'),
(164, 'The Faces', '[{"quantity": 2.80, "ingredient_id": 310}, {"quantity": 3.80, "ingredient_id": 468}, {"quantity": 6.90, "ingredient_id": 454}, {"quantity": 5.90, "ingredient_id": 169}, {"quantity": 5.00, "ingredient_id": 255}, {"quantity": 8.10, "ingredient_id": 279}, {"quantity": 3.90, "ingredient_id": 376}, {"quantity": 8.70, "ingredient_id": 186}, {"quantity": 1.30, "ingredient_id": 479}, {"quantity": 7.20, "ingredient_id": 314}, {"quantity": 1.70, "ingredient_id": 356}]'),
(165, 'Marianne Faithfull', '[{"quantity": 4.80, "ingredient_id": 430}, {"quantity": 1.70, "ingredient_id": 356}, {"quantity": 8.70, "ingredient_id": 186}, {"quantity": 7.80, "ingredient_id": 407}, {"quantity": 5.90, "ingredient_id": 89}, {"quantity": 2.80, "ingredient_id": 282}, {"quantity": 6.10, "ingredient_id": 318}, {"quantity": 1.90, "ingredient_id": 248}, {"quantity": 6.60, "ingredient_id": 123}]'),
(166, 'Horace Silver', '[{"quantity": 6.90, "ingredient_id": 392}, {"quantity": 2.80, "ingredient_id": 44}]'),
(167, 'Johnny Cash', '[{"quantity": 3.60, "ingredient_id": 323}, {"quantity": 7.20, "ingredient_id": 192}, {"quantity": 8.30, "ingredient_id": 474}, {"quantity": 5.50, "ingredient_id": 280}, {"quantity": 3.50, "ingredient_id": 52}]'),
(168, 'John Lydon', '[{"quantity": 6.90, "ingredient_id": 471}, {"quantity": 7.10, "ingredient_id": 348}, {"quantity": 2.00, "ingredient_id": 134}, {"quantity": 3.60, "ingredient_id": 323}, {"quantity": 7.20, "ingredient_id": 17}, {"quantity": 1.50, "ingredient_id": 317}, {"quantity": 4.50, "ingredient_id": 240}]'),
(169, 'Elvis Costello', '[{"quantity": 4.80, "ingredient_id": 150}, {"quantity": 6.70, "ingredient_id": 189}, {"quantity": 6.80, "ingredient_id": 272}, {"quantity": 6.40, "ingredient_id": 53}, {"quantity": 4.40, "ingredient_id": 393}, {"quantity": 1.20, "ingredient_id": 351}, {"quantity": 5.80, "ingredient_id": 73}, {"quantity": 4.10, "ingredient_id": 55}, {"quantity": 0.20, "ingredient_id": 304}]'),
(170, 'James Brown', '[{"quantity": 4.70, "ingredient_id": 294}, {"quantity": 2.30, "ingredient_id": 224}, {"quantity": 4.80, "ingredient_id": 430}, {"quantity": 3.90, "ingredient_id": 165}, {"quantity": 8.10, "ingredient_id": 311}, {"quantity": 6.80, "ingredient_id": 228}, {"quantity": 0.10, "ingredient_id": 478}, {"quantity": 4.70, "ingredient_id": 225}]'),
(171, 'Yumi Matsutoya', '[{"quantity": 4.20, "ingredient_id": 410}, {"quantity": 7.90, "ingredient_id": 445}, {"quantity": 0.60, "ingredient_id": 295}, {"quantity": 6.30, "ingredient_id": 86}, {"quantity": 8.70, "ingredient_id": 186}, {"quantity": 2.90, "ingredient_id": 178}, {"quantity": 0.70, "ingredient_id": 157}, {"quantity": 6.90, "ingredient_id": 291}]'),
(172, 'Tina Turner', '[{"quantity": 5.90, "ingredient_id": 169}, {"quantity": 6.90, "ingredient_id": 37}]'),
(173, 'Catherine Wheel', '[{"quantity": 4.50, "ingredient_id": 287}, {"quantity": 8.10, "ingredient_id": 434}, {"quantity": 4.70, "ingredient_id": 475}]'),
(175, 'Kasabian', '[{"quantity": 8.20, "ingredient_id": 422}, {"quantity": 2.30, "ingredient_id": 74}, {"quantity": 2.60, "ingredient_id": 92}, {"quantity": 6.40, "ingredient_id": 383}, {"quantity": 9.00, "ingredient_id": 284}, {"quantity": 2.30, "ingredient_id": 442}, {"quantity": 5.80, "ingredient_id": 421}, {"quantity": 4.20, "ingredient_id": 410}, {"quantity": 3.80, "ingredient_id": 468}, {"quantity": 4.40, "ingredient_id": 358}, {"quantity": 0.00, "ingredient_id": 201}]'),
(176, 'Run-D.M.C.', '[{"quantity": 6.30, "ingredient_id": 218}, {"quantity": 2.00, "ingredient_id": 219}, {"quantity": 2.70, "ingredient_id": 472}]'),
(177, 'Tom Jones', '[{"quantity": 5.40, "ingredient_id": 158}, {"quantity": 2.80, "ingredient_id": 326}, {"quantity": 3.80, "ingredient_id": 7}, {"quantity": 8.20, "ingredient_id": 220}, {"quantity": 0.20, "ingredient_id": 68}, {"quantity": 6.40, "ingredient_id": 53}]'),
(178, 'Thin Lizzy', '[{"quantity": 7.40, "ingredient_id": 429}, {"quantity": 7.80, "ingredient_id": 407}]'),
(179, 'Alan Parsons', '[{"quantity": 1.20, "ingredient_id": 146}, {"quantity": 4.90, "ingredient_id": 260}, {"quantity": 5.80, "ingredient_id": 122}, {"quantity": 7.20, "ingredient_id": 252}, {"quantity": 5.10, "ingredient_id": 70}, {"quantity": 8.20, "ingredient_id": 423}, {"quantity": 2.10, "ingredient_id": 12}]'),
(180, 'Squeeze', '[{"quantity": 0.30, "ingredient_id": 378}, {"quantity": 4.50, "ingredient_id": 341}, {"quantity": 2.00, "ingredient_id": 179}, {"quantity": 2.40, "ingredient_id": 322}, {"quantity": 7.10, "ingredient_id": 348}]');

-- END TABLE public.recipes

-- BEGIN TABLE public.staff
DROP TABLE IF EXISTS public.staff CASCADE;
BEGIN;

CREATE TABLE IF NOT EXISTS public.staff (
	id integer GENERATED BY DEFAULT AS IDENTITY NOT NULL,
	staff_id integer NOT NULL,
	name character varying(255),
	dob date,
	"role" character varying(255),
	iban character varying(34),
	bic character varying(11),
	location_id integer,
	PRIMARY KEY(id)
);

COMMIT;

-- Inserting 228 rows into public.staff
-- Insert batch #1
INSERT INTO public.staff (staff_id, name, dob, "role", iban, bic, location_id) VALUES
(3, 'Velva Shields', '1976-07-30', 'Back-of-house', 'GB49VHZF63392981589063', 'AAPUGB21', 1),
(4, 'Francesco Schinner', '1997-07-01', 'Back-of-house', 'GB90IBXP65333147911131', 'ABECGB21', 18),
(5, 'Annis Murphy', '1973-08-05', 'Chef', 'GB07WSYW09428726298111', 'MORLGB2LSMK', 15),
(10, 'Colby Schneider', '1961-09-17', 'Front-of-house', 'GB38AWWR50990562708583', 'ABCEGB2L', 10),
(10, 'Colby Schneider', '1961-09-17', 'Front-of-house', 'GB38AWWR50990562708583', 'ABCEGB2L', 21),
(11, 'Ebonie Kulas', '1981-07-20', 'Chef', 'GB23TWJN07114211962422', 'BRBAGB2LXXX', 1),
(11, 'Ebonie Kulas', '1981-07-20', 'Chef', 'GB23TWJN07114211962422', 'BRBAGB2LXXX', 8),
(13, 'Susannah Nikolaus', '2003-06-19', 'Front-of-house', 'GB34RKHB05228084942414', 'AAPUGB21', 25),
(18, 'Carey Stark', '1983-04-12', 'Chef', 'GB09TMGC40313807115422', 'ANTSGB2LCHA', 4),
(19, 'Max Von', '1973-06-17', 'Front-of-house', 'GB95WARH45702360813776', 'BOFAGB3SSWI', 15),
(26, 'Marianne Gleason', '2004-04-26', 'Manager', 'GB57XLTN54112387347041', 'AAFMGB21', 14),
(26, 'Marianne Gleason', '2004-04-26', 'Manager', 'GB57XLTN54112387347041', 'AAFMGB21', 5),
(34, 'Mirta Kling', '1963-02-24', 'Chef', 'GB96HSLT55226111868859', 'BCYPGB2LSSB', 25),
(38, 'Wynell Shanahan', '1999-12-19', 'Chef', 'GB51TZJE18756895115697', 'BARBGB2LHAR', 10),
(49, 'Steven Ullrich', '1989-01-07', 'Manager', 'GB34XEOA54648220572624', 'AAOGGB21', 13),
(58, 'Jeromy Crooks', '1985-09-16', 'Chef', 'GB82ZCKA98732193522802', 'BCYPGB2LCBB', 18),
(60, 'Lincoln Ratke', '2001-01-17', 'Manager', 'GB63RCDH89432369051188', 'BOFAGB22CLS', 7),
(64, 'Elisa Walker', '1992-02-15', 'Chef', 'GB96IQFC03305398810701', 'BARBGB2LKEN', 20),
(64, 'Elisa Walker', '1992-02-15', 'Chef', 'GB96IQFC03305398810701', 'BARBGB2LKEN', 19),
(65, 'Letisha Kerluke', '1983-11-15', 'Back-of-house', 'GB73TEBY11864260859093', 'ABECGB21', 12),
(65, 'Letisha Kerluke', '1983-11-15', 'Back-of-house', 'GB73TEBY11864260859093', 'ABECGB21', 21),
(66, 'Shila Kiehn', '1992-11-17', 'Back-of-house', 'GB30BPAY81605433269975', 'UBKLGB2LXXX', 14),
(71, 'Jess Dach', '1958-09-07', 'Manager', 'GB42SCZZ31902339749661', 'BARBGB2LMAN', 17),
(71, 'Jess Dach', '1958-09-07', 'Manager', 'GB42SCZZ31902339749661', 'BARBGB2LMAN', 2),
(71, 'Jess Dach', '1958-09-07', 'Manager', 'GB42SCZZ31902339749661', 'BARBGB2LMAN', 12),
(74, 'Carmelia Windler', '1994-03-27', 'Manager', 'GB24SKDY60291666614230', 'ABBYGB2L', 20),
(75, 'Colby Kihn', '1991-12-06', 'Manager', 'GB37PGFJ39151205911792', 'ALEIGB22TSY', 15),
(77, 'Tim Wiza', '1984-01-04', 'Back-of-house', 'GB40RQNX21706322621391', 'BOFAGB4TLTR', 14),
(78, 'Gail Bergstrom', '1961-10-29', 'Front-of-house', 'GB34PZUQ10307892228791', 'BCYPGB2LHGB', 11),
(80, 'Myrl Koss', '1996-04-28', 'Front-of-house', 'GB60ASPH63559871609244', 'BCYPGB2LMBB', 13),
(81, 'Darcel Goldner', '1977-03-11', 'Chef', 'GB00QXSA90103596728736', 'ABMNGB21', 21),
(82, 'Robert Beatty', '1998-05-10', 'Back-of-house', 'GB91LNPS34271128244937', 'AAPUGB21', 15),
(84, 'Ernestine Heathcote', '1965-09-04', 'Manager', 'GB32NAJE75538576114320', 'BCYPGB2LBBB', 22),
(84, 'Ernestine Heathcote', '1965-09-04', 'Manager', 'GB32NAJE75538576114320', 'BCYPGB2LBBB', 24),
(89, 'Kendall O''Keefe', '1959-05-27', 'Chef', 'GB22OPIS36572741317495', 'BOFAGB4TLTR', 24),
(89, 'Kendall O''Keefe', '1959-05-27', 'Chef', 'GB22OPIS36572741317495', 'BOFAGB4TLTR', 4),
(91, 'Adrien Kulas', '1991-10-01', 'Manager', 'GB01RPQF79892788937928', 'BOFAGB4TLTR', 4),
(93, 'Phyliss Marquardt', '1983-01-07', 'Manager', 'GB83FUGD54313704556323', 'BARBGB2LKIL', 12),
(100, 'Lilly Wehner', '1985-04-19', 'Front-of-house', 'GB86QZUQ75703660932707', 'BARBGB2LWEM', 7),
(103, 'Domenic Kris', '1960-02-26', 'Back-of-house', 'GB36HPTZ58057284847037', 'ABNAGB21VOC', 14),
(104, 'Janeth Buckridge', '2004-03-15', 'Back-of-house', 'GB71SYTY08112644254057', 'BOFAGB4TCDO', 21),
(105, 'Adrienne Schinner', '1960-04-04', 'Manager', 'GB66WLXU82175827402788', 'ABCMGB21', 8),
(105, 'Adrienne Schinner', '1960-04-04', 'Manager', 'GB66WLXU82175827402788', 'ABCMGB21', 23),
(110, 'Jaye Lind', '1959-01-22', 'Chef', 'GB69PPMX26820382390671', 'BSABGB2LXXX', 4),
(111, 'Bryon Hudson', '1987-07-12', 'Manager', 'GB51TUCE94935983068812', 'ABECGB21', 6),
(112, 'Brant Hahn', '1996-11-16', 'Chef', 'GB20FZIK02789896201935', 'BRBAGB2LXXX', 24),
(112, 'Brant Hahn', '1996-11-16', 'Chef', 'GB20FZIK02789896201935', 'BRBAGB2LXXX', 15),
(114, 'Fernande Kuhlman', '1968-05-07', 'Front-of-house', 'GB63VSER00877111863458', 'AAHOGB21', 10),
(115, 'Reid Boyle', '1965-07-15', 'Manager', 'GB49WEZS91600810335229', 'BOFAGB22OF2', 13),
(115, 'Reid Boyle', '1965-07-15', 'Manager', 'GB49WEZS91600810335229', 'BOFAGB22OF2', 1),
(116, 'Madelene Treutel', '1967-02-13', 'Back-of-house', 'GB19SRTH94494784444193', 'UBKLGB2LXXX', 9),
(118, 'Almeda D''Amore', '2001-12-08', 'Front-of-house', 'GB90OZQP49512525832680', 'AAHVGB21', 5),
(129, 'Mariella Hirthe', '1999-11-03', 'Back-of-house', 'GB09IDQS36334268167330', 'ASTPGB2LXXX', 17),
(131, 'Justin Runolfsdottir', '1969-02-17', 'Back-of-house', 'GB42BRQS71549350867095', 'AAPEGB21', 15),
(132, 'Libbie Marquardt', '1972-02-13', 'Back-of-house', 'GB13GBBA82126884795575', 'BCYPGB2LCBB', 20),
(132, 'Libbie Marquardt', '1972-02-13', 'Back-of-house', 'GB13GBBA82126884795575', 'BCYPGB2LCBB', 16),
(136, 'Mabel Miller', '1964-02-29', 'Manager', 'GB63LQPV63547046367733', 'ANTSGB2LXXX', 8),
(140, 'Leslie Cormier', '1978-01-20', 'Back-of-house', 'GB52HJCZ86854210013245', 'BCYPGB2LPGB', 17),
(140, 'Leslie Cormier', '1978-01-20', 'Back-of-house', 'GB52HJCZ86854210013245', 'BCYPGB2LPGB', 23),
(140, 'Leslie Cormier', '1978-01-20', 'Back-of-house', 'GB52HJCZ86854210013245', 'BCYPGB2LPGB', 11),
(141, 'Althea Gutkowski', '1985-02-28', 'Back-of-house', 'GB67XSQK47832222689203', 'BCYPGB2LBBB', 3),
(143, 'Nanette Roberts', '1969-01-04', 'Front-of-house', 'GB08WUMM09293671993867', 'BCYPGB2LHHB', 17),
(148, 'Josefina Prosacco', '1961-03-20', 'Front-of-house', 'GB70BQAU70457502125560', 'AIBKGB2XTSY', 2),
(149, 'Jolie Bradtke', '1961-04-25', 'Back-of-house', 'GB40WOTI07985236959319', 'BOFAGB22SEC', 17),
(149, 'Jolie Bradtke', '1961-04-25', 'Back-of-house', 'GB40WOTI07985236959319', 'BOFAGB22SEC', 15),
(151, 'Scottie Brakus', '1958-04-09', 'Manager', 'GB25ODKU55343109997511', 'ABNAGB21VOC', 3),
(151, 'Scottie Brakus', '1958-04-09', 'Manager', 'GB25ODKU55343109997511', 'ABNAGB21VOC', 5),
(151, 'Scottie Brakus', '1958-04-09', 'Manager', 'GB25ODKU55343109997511', 'ABNAGB21VOC', 20),
(152, 'Era Pagac', '1969-01-08', 'Chef', 'GB00ZISY65189340417548', 'BCYPGB2LMBB', 3),
(154, 'Candida Smith', '2003-01-02', 'Back-of-house', 'GB26SBTA15606973591833', 'BRBAGB2LXXX', 8),
(155, 'Keith Bashirian', '1973-04-23', 'Chef', 'GB45GZLP40023366222634', 'AAQIGB21', 4),
(160, 'Royce Russel', '1996-12-01', 'Front-of-house', 'GB43XDPJ84218986936639', 'ABMNGB21', 24),
(161, 'Quyen Tremblay', '1982-05-21', 'Manager', 'GB49DQZK13288766743548', 'BCYPGB2LSSB', 12),
(163, 'Eloy Stamm', '1982-03-14', 'Back-of-house', 'GB94WSEC31100971536634', 'BCYPGB2LSSB', 8),
(173, 'Evan Larson', '1964-10-15', 'Chef', 'GB23PSXH87170236268599', 'BOFAGB22SEC', 11),
(174, 'Ricky Roberts', '1958-04-23', 'Manager', 'GB91LAKF35479017784034', 'AIBKGB2XTSY', 18),
(176, 'Royce Dach', '1981-05-07', 'Front-of-house', 'GB02UWOJ19036320706919', 'BSABGB2LXXX', 5),
(176, 'Royce Dach', '1981-05-07', 'Front-of-house', 'GB02UWOJ19036320706919', 'BSABGB2LXXX', 1),
(176, 'Royce Dach', '1981-05-07', 'Front-of-house', 'GB02UWOJ19036320706919', 'BSABGB2LXXX', 11),
(176, 'Royce Dach', '1981-05-07', 'Front-of-house', 'GB02UWOJ19036320706919', 'BSABGB2LXXX', 10),
(177, 'Autumn Ernser', '1989-02-07', 'Chef', 'GB24SXLS00831063800638', 'BCYPGB2LMBB', 16),
(181, 'Sarita Greenholt', '1969-10-07', 'Front-of-house', 'GB78VZCN95056402070198', 'BOFAGB22SEC', 10),
(183, 'Mirella Luettgen', '2000-05-14', 'Front-of-house', 'GB18VHCF48274094344569', 'UBKLGB2LBAK', 13),
(183, 'Mirella Luettgen', '2000-05-14', 'Front-of-house', 'GB18VHCF48274094344569', 'UBKLGB2LBAK', 23),
(186, 'Reyes Cassin', '2000-12-14', 'Front-of-house', 'GB70YXZY67553364519711', 'BSCHGB2LEQU', 12),
(190, 'Santiago Muller', '1999-09-10', 'Manager', 'GB86IWAA52730168475899', 'BOFAGB4TIPA', 10),
(191, 'Emmanuel Prohaska', '1995-10-12', 'Back-of-house', 'GB68WKOO29383095495107', 'BOFAGB4TLTR', 22),
(193, 'Alvaro Weimann', '1983-11-06', 'Back-of-house', 'GB26WQCG45256708582889', 'BSCHGB2LEQU', 17),
(197, 'Tracy Nolan', '1985-12-14', 'Front-of-house', 'GB67JCHX67255030705038', 'BARBGB2LLEI', 13),
(198, 'Junko Gislason', '1998-11-27', 'Chef', 'GB69BCRL75628399910701', 'BCEYGB2LXXX', 16),
(199, 'Jarvis Maggio', '1986-11-30', 'Back-of-house', 'GB38ADQO73757099056704', 'UBKLGB2LXXX', 16),
(201, 'Marx Leuschke', '1967-10-09', 'Manager', 'GB17RWGU81603995514470', 'BCYPGB2LBBB', 6),
(201, 'Marx Leuschke', '1967-10-09', 'Manager', 'GB17RWGU81603995514470', 'BCYPGB2LBBB', 19),
(206, 'Jacquie Hahn', '1984-03-28', 'Chef', 'GB38HNVN77496403914738', 'BOFAGB4TIPA', 21),
(207, 'Kim Russel', '1994-04-19', 'Front-of-house', 'GB93PPQN03427111892112', 'ALEIGB22TSY', 13),
(209, 'James Champlin', '1979-12-14', 'Back-of-house', 'GB88AMTI52673020854343', 'BARBGB2LHAR', 14),
(211, 'Annamae Wehner', '2001-01-04', 'Front-of-house', 'GB44WWNR72226717450213', 'ABDIGB21', 22),
(218, 'Santo Hills', '1958-06-17', 'Chef', 'GB37KHEL41079911516428', 'BRBAGB2LXXX', 15),
(218, 'Santo Hills', '1958-06-17', 'Chef', 'GB37KHEL41079911516428', 'BRBAGB2LXXX', 9),
(219, 'Emerita Wisozk', '1968-05-11', 'Back-of-house', 'GB70MLLE31844854507109', 'BCYPGB2LCBB', 12),
(220, 'Rashad Ziemann', '1999-09-05', 'Front-of-house', 'GB82XAWR57338597684711', 'BCEYGB2LXXX', 23),
(221, 'Shaquana Rempel', '1985-08-24', 'Chef', 'GB94MUBM17190663603035', 'ANTSGB2LXXX', 2),
(223, 'Magdalen Dibbert', '1989-09-14', 'Front-of-house', 'GB82NYOX73296512618603', 'BOFAGB4TCCD', 5),
(223, 'Magdalen Dibbert', '1989-09-14', 'Front-of-house', 'GB82NYOX73296512618603', 'BOFAGB4TCCD', 14),
(225, 'Reid Lehner', '1987-09-20', 'Manager', 'GB82HJYJ27514628395265', 'BARBGB2LKEN', 4),
(225, 'Reid Lehner', '1987-09-20', 'Manager', 'GB82HJYJ27514628395265', 'BARBGB2LKEN', 21),
(226, 'Nancee Spencer', '1963-03-28', 'Chef', 'GB51BMUU80005105824076', 'ABCCGB22', 21),
(229, 'Mardell McGlynn', '1971-01-26', 'Front-of-house', 'GB05IHNG26518591296369', 'ABCEGB2L', 8),
(229, 'Mardell McGlynn', '1971-01-26', 'Front-of-house', 'GB05IHNG26518591296369', 'ABCEGB2L', 7),
(235, 'Luke Luettgen', '1967-08-14', 'Manager', 'GB69FEVO13799323085050', 'BCYPGB2LMBB', 14),
(235, 'Luke Luettgen', '1967-08-14', 'Manager', 'GB69FEVO13799323085050', 'BCYPGB2LMBB', 21),
(239, 'Carson Carroll', '1999-07-24', 'Back-of-house', 'GB21OGNQ19656578764086', 'BOFAGB4TIPA', 13),
(242, 'Buford Conroy', '1996-11-27', 'Manager', 'GB85VASB86064196512823', 'BCYPGB2LHGB', 13),
(245, 'Mario Raynor', '1967-11-24', 'Back-of-house', 'GB92QAOS11875777928022', 'AKBKGB22XXX', 25),
(251, 'Bennie Spencer', '1998-12-31', 'Back-of-house', 'GB13TCNV29301073265943', 'AAPUGB21', 16),
(253, 'Jessi Schneider', '1986-07-22', 'Chef', 'GB30IEXW35988459810987', 'ABECGB21', 21),
(254, 'Luise Leuschke', '1999-04-20', 'Back-of-house', 'GB54EYAF43961303998775', 'AAHOGB21', 16),
(260, 'Guillermo Gutmann', '1992-09-04', 'Chef', 'GB00NSYE25909808174944', 'BCYPGB2LPGB', 24),
(262, 'Luanna Collins', '1984-09-02', 'Front-of-house', 'GB06JRWF21663302362026', 'BARBGB2LWEM', 23),
(263, 'Lauralee Williamson', '1978-06-12', 'Front-of-house', 'GB50ORAA88271035571260', 'AAHOGB21', 15),
(264, 'Billy Schiller', '1966-08-23', 'Front-of-house', 'GB15FBNW46106361064761', 'BOFAGB4TCCD', 7),
(265, 'Carlton Brekke', '1992-06-12', 'Front-of-house', 'GB53KYOL23699379537776', 'BCYPGB2LBBB', 13),
(268, 'Ed Senger', '1976-12-09', 'Chef', 'GB58VBAN89226658213395', 'ABDIGB21', 25),
(268, 'Ed Senger', '1976-12-09', 'Chef', 'GB58VBAN89226658213395', 'ABDIGB21', 18),
(268, 'Ed Senger', '1976-12-09', 'Chef', 'GB58VBAN89226658213395', 'ABDIGB21', 15),
(271, 'Seth Schoen', '1986-02-17', 'Manager', 'GB12CNMG08810025994073', 'BARBGB2LTOO', 5),
(273, 'Clifton Gleason', '1967-12-10', 'Front-of-house', 'GB35QIXA71070893506098', 'BOFAGB3SSWI', 9),
(275, 'Margret Becker', '2002-05-18', 'Manager', 'GB81DVWU94701976935216', 'ANTSGB2LXXX', 10),
(278, 'Joanne Ziemann', '2001-02-05', 'Back-of-house', 'GB79IUEX29901411517346', 'BARBGB2LKEN', 2),
(278, 'Joanne Ziemann', '2001-02-05', 'Back-of-house', 'GB79IUEX29901411517346', 'BARBGB2LKEN', 6),
(278, 'Joanne Ziemann', '2001-02-05', 'Back-of-house', 'GB79IUEX29901411517346', 'BARBGB2LKEN', 18),
(279, 'Markita Lang', '1961-03-02', 'Front-of-house', 'GB72LNZT82005134199193', 'UBKLGB2LBAK', 1),
(280, 'Lakesha Jacobson', '1993-03-22', 'Manager', 'GB16CHLP30129504586626', 'BKCHGB2UXXX', 12),
(281, 'Richard Smitham', '1978-06-24', 'Front-of-house', 'GB61CQLD98537039076825', 'ABFIGB21', 1),
(286, 'Noma Kreiger', '1965-06-05', 'Manager', 'GB37URCV31077452213083', 'BSABGB2LXXX', 15),
(286, 'Noma Kreiger', '1965-06-05', 'Manager', 'GB37URCV31077452213083', 'BSABGB2LXXX', 24),
(291, 'Ellis Murphy', '1980-05-28', 'Back-of-house', 'GB91HZFA74863292613872', 'BARBGB2LKEN', 19),
(292, 'Chana Runolfsdottir', '1981-10-15', 'Front-of-house', 'GB02GLWW00629724502045', 'UBKLGB2LBAK', 13),
(292, 'Chana Runolfsdottir', '1981-10-15', 'Front-of-house', 'GB02GLWW00629724502045', 'UBKLGB2LBAK', 19),
(293, 'Charlyn Harris', '1968-10-18', 'Front-of-house', 'GB82MRSO10976367246513', 'BCYPGB2LMBB', 16),
(296, 'Kurt Dibbert', '2003-09-16', 'Manager', 'GB70BXJC98529333415690', 'ABBEGB21', 5),
(296, 'Kurt Dibbert', '2003-09-16', 'Manager', 'GB70BXJC98529333415690', 'ABBEGB21', 16),
(297, 'Kyle Herman', '1979-10-21', 'Back-of-house', 'GB45SWWV65883222447496', 'BCYPGB2LCSB', 13),
(298, 'Lorenzo Will', '1985-11-29', 'Chef', 'GB95DUHL01106945496092', 'AIBKGB2XTSY', 1),
(300, 'Junko Blanda', '1984-11-28', 'Manager', 'GB55ECCI27681943552413', 'BOFAGB4TIPA', 16),
(302, 'Cary Beatty', '1968-04-27', 'Back-of-house', 'GB21AWZX39530849623512', 'ANTSGB2LCHA', 12),
(306, 'Maren Moore', '1996-04-11', 'Manager', 'GB34IXOE09052502094150', 'ABBYGB2L', 5),
(308, 'Roseline Jacobi', '1958-10-10', 'Manager', 'GB22JMCG75349293299324', 'BOFAGB4TIPA', 13),
(309, 'Cherlyn Koepp', '1973-06-04', 'Chef', 'GB22IQQG23431684835478', 'ASTPGB2LXXX', 2),
(310, 'My Schaefer', '1962-04-16', 'Front-of-house', 'GB53VHXY47777604981466', 'BOFAGB4TIPA', 2),
(312, 'Jessika Kling', '1997-02-25', 'Chef', 'GB14LSVJ51479057766494', 'AIBKGB2XTSY', 19),
(313, 'Peggy Maggio', '1970-12-21', 'Chef', 'GB18GWTO74196264110446', 'BCYPGB2LCBB', 1),
(314, 'Wilson Durgan', '1971-10-14', 'Chef', 'GB75RKAH26591122206664', 'BOFAGB4TCCD', 10),
(315, 'Johnson Connelly', '1982-04-23', 'Back-of-house', 'GB70ZDJS85044035206092', 'BARBGB2LWEM', 17),
(316, 'Glynis Kihn', '1991-04-28', 'Chef', 'GB54EDQZ43797101888275', 'BOFAGB22OF2', 20),
(318, 'Winfred Dibbert', '1993-06-28', 'Front-of-house', 'GB90MPRB02866286298245', 'ABAZGB21', 16),
(318, 'Winfred Dibbert', '1993-06-28', 'Front-of-house', 'GB90MPRB02866286298245', 'ABAZGB21', 18),
(320, 'Ilda Spinka', '1985-01-18', 'Manager', 'GB53WUAT54464473700585', 'UBKLGB2LBAK', 21),
(320, 'Ilda Spinka', '1985-01-18', 'Manager', 'GB53WUAT54464473700585', 'UBKLGB2LBAK', 24),
(321, 'Clifton Dooley', '1974-08-27', 'Chef', 'GB16UHLC32299347006143', 'BARBGB2LKEN', 9),
(322, 'Vella Altenwerth', '1959-10-28', 'Back-of-house', 'GB37OUGN96362439079882', 'BOFAGB22XXX', 14),
(323, 'Nicholas Mertz', '1983-02-12', 'Back-of-house', 'GB54IWTO90065286341923', 'BOFAGB4TCDO', 24),
(323, 'Nicholas Mertz', '1983-02-12', 'Back-of-house', 'GB54IWTO90065286341923', 'BOFAGB4TCDO', 3),
(324, 'Hang Muller', '1998-09-19', 'Manager', 'GB49VNSE78610138519613', 'BCYPGB2LXXX', 8),
(330, 'Christian Cummings', '1978-10-31', 'Chef', 'GB42YVWL91685131924615', 'AACCGB21', 4),
(333, 'Johnie Jacobi', '1966-12-14', 'Chef', 'GB94EVHL52135366712909', 'AANLGB2L', 1),
(335, 'Karlyn Wuckert', '1968-05-19', 'Back-of-house', 'GB04NMRI69140606117340', 'BARBGB2LHAR', 11),
(343, 'Kim Cormier', '1978-06-10', 'Back-of-house', 'GB56KRMR85768072537308', 'BCEYGB2LXXX', 18),
(349, 'Raymond Luettgen', '2003-10-03', 'Back-of-house', 'GB72RPRN15357469606200', 'ABDIGB21', 22),
(356, 'Marlana Schmitt', '1967-12-26', 'Back-of-house', 'GB74RKVA49130710136014', 'BKCHGB2LXXX', 12),
(356, 'Marlana Schmitt', '1967-12-26', 'Back-of-house', 'GB74RKVA49130710136014', 'BKCHGB2LXXX', 3),
(357, 'August Blanda', '1958-11-07', 'Front-of-house', 'GB02RBPS78918948314709', 'ABECGB21', 7),
(357, 'August Blanda', '1958-11-07', 'Front-of-house', 'GB02RBPS78918948314709', 'ABECGB21', 20),
(360, 'Hildegarde Kertzmann', '1959-06-11', 'Manager', 'GB36DLAX06490893415041', 'BCYPGB2LMBB', 19),
(366, 'Tawnya Hyatt', '1965-08-03', 'Back-of-house', 'GB17KAKR50141723831870', 'ABBEGB21', 3),
(367, 'Tequila Emmerich', '1987-04-01', 'Chef', 'GB06DCSW97790727357715', 'AKBKGB22XXX', 24),
(372, 'Bunny Kilback', '1971-02-09', 'Back-of-house', 'GB80QCAY09507481240532', 'BSABGB2LXXX', 10),
(373, 'Elfriede Jacobi', '1995-09-25', 'Manager', 'GB31IFPX90423907352124', 'ABNAGB21VOC', 19),
(377, 'Jerry Rempel', '1989-02-22', 'Front-of-house', 'GB87RCBN53791063991064', 'BOFAGB4TLTR', 5),
(377, 'Jerry Rempel', '1989-02-22', 'Front-of-house', 'GB87RCBN53791063991064', 'BOFAGB4TLTR', 3),
(384, 'Ranee Bartell', '1974-07-26', 'Chef', 'GB01YWJA72052400428829', 'BARBGB2LBIR', 6),
(386, 'Rubi Fritsch', '1970-01-31', 'Front-of-house', 'GB77BPVY06703409069655', 'BSABGB2LXXX', 2),
(390, 'Kenna Ferry', '1994-09-22', 'Manager', 'GB78SLAB80969820069354', 'BARBGB2LKIL', 17),
(390, 'Kenna Ferry', '1994-09-22', 'Manager', 'GB78SLAB80969820069354', 'BARBGB2LKIL', 9),
(396, 'Florinda Prosacco', '1993-08-12', 'Back-of-house', 'GB41AUIV64749023438373', 'AKBKGB22XXX', 12),
(403, 'Stevie Powlowski', '1974-04-06', 'Front-of-house', 'GB47MPTC99896003728480', 'BARBGB2LLEI', 5),
(404, 'Edna Ortiz', '1997-06-26', 'Chef', 'GB18ELGL36039636565048', 'BCYPGB2LCSB', 14),
(406, 'Frankie Russel', '2004-02-21', 'Front-of-house', 'GB52PZMR99168879708814', 'BKCHGB2LXXX', 22),
(409, 'Chance Gorczany', '1959-01-29', 'Chef', 'GB79PPWI12566603159198', 'ASTPGB2LXXX', 9),
(414, 'Michael Carter', '1987-07-23', 'Front-of-house', 'GB34SFTB98334800926096', 'BCYPGB2LCSB', 1),
(421, 'Roman Nolan', '1994-10-14', 'Front-of-house', 'GB15VDAF88477079361438', 'AAPUGB21', 19),
(422, 'Roosevelt Lind', '2003-11-01', 'Front-of-house', 'GB75VDPY08273138633156', 'MORLGB2LSMK', 7),
(424, 'Gayla Hilpert', '1967-01-01', 'Back-of-house', 'GB10IYLT57324632437626', 'BCYPGB2LHGB', 6),
(425, 'Jeanette Jacobi', '1963-02-27', 'Manager', 'GB54GVLY70250424583368', 'BCEYGB2LXXX', 22),
(429, 'Tyson Bernier', '1987-01-29', 'Front-of-house', 'GB95CHGF68420957192643', 'BCYPGB2LHHB', 4),
(430, 'Georgine Boyle', '1982-08-01', 'Chef', 'GB32ZWMU21260218944063', 'BKCHGB2LXXX', 24),
(431, 'Mason Fahey', '1965-05-20', 'Back-of-house', 'GB34KJGK14413091739827', 'BCYPGB2LPGB', 19),
(433, 'King Heaney', '1968-10-15', 'Chef', 'GB17SXNT72071823673394', 'ABAZGB21', 25),
(437, 'Osvaldo Wisoky', '1972-06-11', 'Manager', 'GB51RGYQ49033418528530', 'UBKLGB2LXXX', 21),
(439, 'Claretha Beier', '1974-01-24', 'Manager', 'GB17SDUM14959436448069', 'BCYPGB2LSSB', 7),
(439, 'Claretha Beier', '1974-01-24', 'Manager', 'GB17SDUM14959436448069', 'BCYPGB2LSSB', 21),
(440, 'Demetria Schmitt', '1964-02-07', 'Manager', 'GB89NNVJ54845695863663', 'ASTPGB2LXXX', 25),
(442, 'George Abernathy', '1984-10-02', 'Back-of-house', 'GB00BCCR18231392388996', 'BOFAGB4TCDO', 23),
(447, 'Nickolas Howe', '1976-02-08', 'Back-of-house', 'GB86BRUQ04702361093153', 'UBKLGB2LXXX', 1),
(448, 'Cammy Muller', '1984-03-28', 'Back-of-house', 'GB04SKFC31409034650989', 'UBKLGB2LXXX', 5),
(449, 'Ike Ruecker', '1986-01-26', 'Front-of-house', 'GB46WFSE63089961441180', 'ASTPGB2LXXX', 15),
(456, 'Adrianna Dickinson', '1987-08-09', 'Front-of-house', 'GB78MYGW38696733074867', 'BOFAGB22OF2', 2),
(457, 'Jerrie Labadie', '1994-12-10', 'Front-of-house', 'GB47KDFE10105521463798', 'BRBAGB2LXXX', 18),
(457, 'Jerrie Labadie', '1994-12-10', 'Front-of-house', 'GB47KDFE10105521463798', 'BRBAGB2LXXX', 22),
(458, 'Marcel Lebsack', '1994-10-13', 'Chef', 'GB22STYO02079918033997', 'AIBKGB2XTSY', 8),
(459, 'Moshe Keebler', '1993-08-03', 'Chef', 'GB55BDUF11490242201350', 'BRBAGB2LXXX', 2),
(460, 'Efren Stoltenberg', '1976-07-23', 'Manager', 'GB36AKGB65642692847818', 'BCYPGB2LMBB', 1),
(461, 'Tangela Macejkovic', '1984-06-01', 'Chef', 'GB86FLOZ05076268461191', 'BARBGB2LHAR', 20),
(462, 'Erika Wuckert', '1996-09-04', 'Manager', 'GB68XNMT42931830204463', 'AAPUGB21', 19),
(463, 'Cordie Boyer', '2002-02-14', 'Chef', 'GB51BNED64923491051047', 'BCYPGB2LHHB', 17),
(465, 'Phyllis Kozey', '1991-01-20', 'Front-of-house', 'GB61DICT11998888045934', 'ABCCGB22', 6),
(465, 'Phyllis Kozey', '1991-01-20', 'Front-of-house', 'GB61DICT11998888045934', 'ABCCGB22', 13),
(474, 'Patricia Collier', '2004-07-22', 'Back-of-house', 'GB59OZLT98945727739997', 'BARBGB2LLEI', 3),
(476, 'Deangelo Herzog', '1959-11-23', 'Back-of-house', 'GB74ACOA59973202032648', 'ABNAGB21VOC', 18),
(476, 'Deangelo Herzog', '1959-11-23', 'Back-of-house', 'GB74ACOA59973202032648', 'ABNAGB21VOC', 8),
(478, 'Earle Mohr', '1978-07-26', 'Chef', 'GB25IZTM25490432605241', 'UBKLGB2LBAK', 13),
(483, 'Tonie Harber', '1994-02-22', 'Manager', 'GB74LSMD34310759229259', 'BOFAGB4TCCD', 19),
(485, 'Francisca Reinger', '1963-10-30', 'Manager', 'GB96MJUQ10456090300226', 'BCYPGB2LSSB', 8),
(486, 'Rod Klocko', '1984-08-30', 'Manager', 'GB42BGMY93659098949023', 'BCYPGB2LHHB', 11),
(488, 'Cary Monahan', '2002-08-05', 'Chef', 'GB02ELWE14707152246450', 'BKCHGB2UXXX', 18),
(495, 'Francis Johns', '1997-01-30', 'Manager', 'GB04ORUU51864585813658', 'AAHOGB21', 1),
(499, 'Tai Gorczany', '1979-10-31', 'Back-of-house', 'GB65GBYV05951692415736', 'BCYPGB2LPGB', 4),
(500, 'Rhett Lockman', '1991-01-02', 'Manager', 'GB00QALG59442278795275', 'ASTPGB2LXXX', 24);

-- END TABLE public.staff

